Q-1 ,I feel as if I am slowed down: ,D ,,D - For Depression Measurement Only
,Nearly all of the time ,3,,A- Anxiety - Presently not considered
,Very often ,2,,
,Sometimes ,1,,
,Not at all ,0,,
,,,,
Q-2,I still enjoy the things I used to enjoy: ,D ,,
,Definitely as much ,0,,
,Not quite so much ,1,,
,Only a little ,2,,
,Not at all ,3,,
,,,,
Q-3,I have lost interest in my appearance: ,D ,,
,Definitely ,3,,
,I don�t take as much care as I should ,2,,
,I may not take quite as much care ,1,,
,I take just as much care as ever ,0,,
,,,,
Q-4,I can laugh and see the funny side of things: ,D ,,
,As much as I always could ,0,,
,Not quite so much now ,1,,
,Definitely not so much now ,2,,
,Not at all ,3,,
,,,,
Q-5,I look forward with enjoyment to things: ,D ,,
,A much as I ever did ,0,,
,Rather less than I used to ,1,,
,Definitely less than I used to ,3,,
,Hardly at all ,2,,
,,,,
Q-6,I feel cheerful: ,D ,,
,Not at all ,3,,
,Not often ,2,,
,Sometimes ,1,,
,Most of the time ,0,,
,,,,
Q-7,I can enjoy a good book or radio or TV programme: ,D ,,
,Often ,0,,
,Sometimes ,1,,
,Not often ,2,,
,Very seldom ,3,,
