STATE/UT,Year,CAUSE,Male upto 14 years,Male 15-29 years,Male 30-44 years,Male 45-59 years,Male 60 years and above,Total Male,Female upto 14 years,Female 15-29 years,Female 30-44 years,Female 45-59 years,Female 60 years and above,Total Female,Grand Total
ANDHRA PRADESH,2009,House Wife,0,0,0,0,0,0,0,1033,779,428,151,2391,2391
ANDHRA PRADESH,2009,Service (Government),0,54,100,57,2,213,0,13,6,2,0,21,234
ANDHRA PRADESH,2009,Service (Private),0,277,468,222,79,1046,0,65,44,33,19,161,1207
ANDHRA PRADESH,2009,Public Sector Undertaking,0,154,203,152,78,587,0,36,20,8,14,78,665
ANDHRA PRADESH,2009,Student,38,293,33,0,0,364,65,164,4,0,0,233,597
ANDHRA PRADESH,2009,Unemployed,0,263,252,129,0,644,0,41,15,14,0,70,714
ANDHRA PRADESH,2009,Self-employed (Business activity),0,341,460,387,138,1326,0,14,9,1,1,25,1351
ANDHRA PRADESH,2009,Professional Activity,0,74,132,249,11,466,0,18,1,3,1,23,489
ANDHRA PRADESH,2009,Farming/Agriculture Activity,5,392,885,562,172,2016,5,132,141,100,20,398,2414
ANDHRA PRADESH,2009,Others (Please Specify),8,541,728,532,137,1946,25,229,240,125,51,670,2616
ANDHRA PRADESH,2009,Retired Person,0,0,0,8,61,69,0,0,25,1,3,29,98
ANDHRA PRADESH,2009,Others (Please Specify),16,338,461,288,107,1210,32,189,136,114,43,514,1724
ANDHRA PRADESH,2009,Total,67,2727,3722,2586,785,9887,127,1934,1420,829,303,4613,14500
ANDHRA PRADESH,2009,Total Salaried,0,485,771,431,159,1846,0,114,70,43,33,260,2106
ANDHRA PRADESH,2009,Total Self-employed,13,1348,2205,1730,458,5754,30,393,391,229,73,1116,6870
ARUNACHAL PRADESH,2009,House Wife,0,0,0,0,0,0,0,6,7,1,0,14,14
ARUNACHAL PRADESH,2009,Service (Government),0,10,14,1,0,25,0,0,1,0,0,1,26
ARUNACHAL PRADESH,2009,Service (Private),0,3,2,0,0,5,0,0,3,0,0,3,8
ARUNACHAL PRADESH,2009,Public Sector Undertaking,0,0,0,0,0,0,0,0,0,0,0,0,0
ARUNACHAL PRADESH,2009,Student,1,1,0,0,0,2,0,3,0,0,0,3,5
ARUNACHAL PRADESH,2009,Unemployed,0,4,6,1,0,11,0,0,1,0,0,1,12
ARUNACHAL PRADESH,2009,Self-employed (Business activity),0,0,0,0,0,0,0,0,0,0,0,0,0
ARUNACHAL PRADESH,2009,Professional Activity,0,0,0,0,0,0,0,0,0,0,0,0,0
ARUNACHAL PRADESH,2009,Farming/Agriculture Activity,0,6,1,5,0,12,0,0,0,0,0,0,12
ARUNACHAL PRADESH,2009,Others (Please Specify),0,19,1,0,0,20,0,10,1,0,0,11,31
ARUNACHAL PRADESH,2009,Retired Person,0,0,0,0,0,0,0,0,0,0,0,0,0
ARUNACHAL PRADESH,2009,Others (Please Specify),1,0,1,0,0,2,0,0,0,0,0,0,2
ARUNACHAL PRADESH,2009,Total,2,43,25,7,0,77,0,19,13,1,0,33,110
ARUNACHAL PRADESH,2009,Total Salaried,0,13,16,1,0,30,0,0,4,0,0,4,34
ARUNACHAL PRADESH,2009,Total Self-employed,0,25,2,5,0,32,0,10,1,0,0,11,43
ASSAM,2009,House Wife,0,0,0,0,0,0,0,222,213,94,12,541,541
ASSAM,2009,Service (Government),0,1,1,3,0,5,0,0,0,0,0,0,5
ASSAM,2009,Service (Private),0,27,13,15,1,56,0,4,2,1,0,7,63
ASSAM,2009,Public Sector Undertaking,0,13,23,14,0,50,0,3,3,8,0,14,64
ASSAM,2009,Student,11,118,0,0,0,129,8,83,0,0,0,91,220
ASSAM,2009,Unemployed,0,3,24,31,0,58,0,3,6,6,0,15,73
ASSAM,2009,Self-employed (Business activity),0,101,164,94,2,361,0,36,16,7,0,59,420
ASSAM,2009,Professional Activity,0,37,69,23,2,131,0,4,5,3,0,12,143
ASSAM,2009,Farming/Agriculture Activity,0,95,137,80,5,317,0,8,7,9,0,24,341
ASSAM,2009,Others (Please Specify),9,210,220,114,31,584,7,107,67,46,11,238,822
ASSAM,2009,Retired Person,0,0,0,3,10,13,0,0,0,0,0,0,13
ASSAM,2009,Others (Please Specify),7,50,61,48,12,178,9,44,21,6,3,83,261
ASSAM,2009,Total,27,655,712,425,63,1882,24,514,340,180,26,1084,2966
ASSAM,2009,Total Salaried,0,41,37,32,1,111,0,7,5,9,0,21,132
ASSAM,2009,Total Self-employed,9,443,590,311,40,1393,7,155,95,65,11,333,1726
BIHAR,2009,House Wife,0,0,0,0,0,0,0,124,154,29,7,314,314
BIHAR,2009,Service (Government),0,2,1,0,0,3,0,0,0,0,0,0,3
BIHAR,2009,Service (Private),0,17,35,3,0,55,0,2,0,0,0,2,57
BIHAR,2009,Public Sector Undertaking,0,1,7,0,0,8,0,0,0,0,0,0,8
BIHAR,2009,Student,7,31,4,0,0,42,5,19,2,0,0,26,68
BIHAR,2009,Unemployed,0,24,19,0,0,43,1,1,6,0,0,8,51
BIHAR,2009,Self-employed (Business activity),0,9,9,6,0,24,0,0,0,0,0,0,24
BIHAR,2009,Professional Activity,0,2,0,1,0,3,0,0,22,0,0,22,25
BIHAR,2009,Farming/Agriculture Activity,0,20,40,23,2,85,0,10,17,0,0,27,112
BIHAR,2009,Others (Please Specify),3,34,33,11,1,82,0,0,4,2,0,6,88
BIHAR,2009,Retired Person,0,0,0,0,0,0,0,0,0,0,0,0,0
BIHAR,2009,Others (Please Specify),12,62,45,31,19,169,19,72,27,10,4,132,301
BIHAR,2009,Total,22,202,193,75,22,514,25,228,232,41,11,537,1051
BIHAR,2009,Total Salaried,0,20,43,3,0,66,0,2,0,0,0,2,68
BIHAR,2009,Total Self-employed,3,65,82,41,3,194,0,10,43,2,0,55,249
CHHATTISGARH,2009,House Wife,0,0,0,0,0,0,4,466,299,99,34,902,902
CHHATTISGARH,2009,Service (Government),0,19,14,9,0,42,0,5,1,0,0,6,48
CHHATTISGARH,2009,Service (Private),0,89,101,54,5,249,0,31,11,3,0,45,294
CHHATTISGARH,2009,Public Sector Undertaking,0,5,7,5,0,17,0,0,0,0,0,0,17
CHHATTISGARH,2009,Student,59,228,11,0,0,298,33,99,5,0,0,137,435
CHHATTISGARH,2009,Unemployed,4,159,204,87,7,461,4,5,18,1,0,28,489
CHHATTISGARH,2009,Self-employed (Business activity),0,34,31,33,6,104,0,1,2,1,0,4,108
CHHATTISGARH,2009,Professional Activity,0,33,56,39,3,131,0,3,2,1,0,6,137
CHHATTISGARH,2009,Farming/Agriculture Activity,9,364,496,412,136,1417,3,144,115,97,26,385,1802
CHHATTISGARH,2009,Others (Please Specify),4,153,218,209,99,683,3,59,76,32,8,178,861
CHHATTISGARH,2009,Retired Person,0,0,0,0,6,6,0,0,0,0,3,3,9
CHHATTISGARH,2009,Others (Please Specify),28,141,204,89,84,546,29,60,58,57,31,235,781
CHHATTISGARH,2009,Total,104,1225,1342,937,346,3954,76,873,587,291,102,1929,5883
CHHATTISGARH,2009,Total Salaried,0,113,122,68,5,308,0,36,12,3,0,51,359
CHHATTISGARH,2009,Total Self-employed,13,584,801,693,244,2335,6,207,195,131,34,573,2908
GOA,2009,House Wife,0,0,0,0,0,0,0,24,19,10,7,60,60
GOA,2009,Service (Government),0,2,2,1,0,5,0,2,2,1,0,5,10
GOA,2009,Service (Private),0,14,19,10,1,44,0,6,0,0,0,6,50
GOA,2009,Public Sector Undertaking,0,1,0,2,0,3,0,0,0,0,0,0,3
GOA,2009,Student,1,7,0,0,0,8,2,4,0,1,0,7,15
GOA,2009,Unemployed,0,15,22,16,0,53,0,4,0,1,1,6,59
GOA,2009,Self-employed (Business activity),0,2,1,0,1,4,0,2,0,0,0,2,6
GOA,2009,Professional Activity,0,1,2,1,0,4,0,0,1,0,0,1,5
GOA,2009,Farming/Agriculture Activity,0,0,2,1,1,4,0,0,0,0,0,0,4
GOA,2009,Others (Please Specify),0,5,3,6,5,19,0,3,0,1,0,4,23
GOA,2009,Retired Person,0,0,0,0,4,4,0,0,0,0,0,0,4
GOA,2009,Others (Please Specify),0,3,21,7,5,36,0,3,0,0,0,3,39
GOA,2009,Total,1,50,72,44,17,184,2,48,22,14,8,94,278
GOA,2009,Total Salaried,0,17,21,13,1,52,0,8,2,1,0,11,63
GOA,2009,Total Self-employed,0,8,8,8,7,31,0,5,1,1,0,7,38
GUJARAT,2009,House Wife,0,0,0,0,0,0,3,781,580,262,110,1736,1736
GUJARAT,2009,Service (Government),0,10,19,13,1,43,0,17,4,4,1,26,69
GUJARAT,2009,Service (Private),0,192,247,133,9,581,0,16,24,8,0,48,629
GUJARAT,2009,Public Sector Undertaking,0,24,48,17,2,91,0,13,6,5,0,24,115
GUJARAT,2009,Student,17,154,2,1,0,174,25,118,10,1,0,154,328
GUJARAT,2009,Unemployed,1,184,226,69,19,499,0,43,28,7,2,80,579
GUJARAT,2009,Self-employed (Business activity),0,108,148,65,15,336,0,0,0,2,0,2,338
GUJARAT,2009,Professional Activity,0,180,198,109,22,509,0,21,16,6,0,43,552
GUJARAT,2009,Farming/Agriculture Activity,0,153,198,107,40,498,0,36,30,14,10,90,588
GUJARAT,2009,Others (Please Specify),4,168,216,119,40,547,1,64,49,25,25,164,711
GUJARAT,2009,Retired Person,0,1,1,16,76,94,0,0,1,2,21,24,118
GUJARAT,2009,Others (Please Specify),5,81,101,88,24,299,1,50,23,12,8,94,393
GUJARAT,2009,Total,27,1255,1404,737,248,3671,30,1159,771,348,177,2485,6156
GUJARAT,2009,Total Salaried,0,226,314,163,12,715,0,46,34,17,1,98,813
GUJARAT,2009,Total Self-employed,4,609,760,400,117,1890,1,121,95,47,35,299,2189
HARYANA,2009,House Wife,0,0,0,0,0,0,2,176,196,57,10,441,441
HARYANA,2009,Service (Government),0,26,34,15,5,80,0,3,3,0,0,6,86
HARYANA,2009,Service (Private),0,100,98,47,8,253,0,16,13,3,0,32,285
HARYANA,2009,Public Sector Undertaking,0,35,19,8,2,64,0,7,0,0,0,7,71
HARYANA,2009,Student,10,70,3,0,0,83,16,16,0,0,0,32,115
HARYANA,2009,Unemployed,0,86,90,37,7,220,0,17,15,0,1,33,253
HARYANA,2009,Self-employed (Business activity),0,16,18,13,2,49,0,0,0,0,0,0,49
HARYANA,2009,Professional Activity,0,7,13,8,0,28,0,0,0,0,0,0,28
HARYANA,2009,Farming/Agriculture Activity,0,44,107,62,12,225,0,1,2,2,0,5,230
HARYANA,2009,Others (Please Specify),0,76,57,21,10,164,3,1,0,0,0,4,168
HARYANA,2009,Retired Person,0,0,0,0,0,0,0,0,0,0,0,0,0
HARYANA,2009,Others (Please Specify),28,232,220,127,42,649,13,57,16,33,9,128,777
HARYANA,2009,Total,38,692,659,338,88,1815,34,294,245,95,20,688,2503
HARYANA,2009,Total Salaried,0,161,151,70,15,397,0,26,16,3,0,45,442
HARYANA,2009,Total Self-employed,0,143,195,104,24,466,3,2,2,2,0,9,475
HIMACHAL PRADESH,2009,House Wife,0,0,0,0,0,0,0,38,32,14,10,94,94
HIMACHAL PRADESH,2009,Service (Government),0,5,13,8,0,26,0,0,5,1,0,6,32
HIMACHAL PRADESH,2009,Service (Private),0,11,19,5,0,35,0,2,2,3,0,7,42
HIMACHAL PRADESH,2009,Public Sector Undertaking,0,7,3,5,3,18,0,2,0,3,1,6,24
HIMACHAL PRADESH,2009,Student,2,21,2,0,0,25,4,21,0,0,0,25,50
HIMACHAL PRADESH,2009,Unemployed,0,22,15,11,4,52,0,3,6,1,2,12,64
HIMACHAL PRADESH,2009,Self-employed (Business activity),0,1,9,3,3,16,0,0,1,0,0,1,17
HIMACHAL PRADESH,2009,Professional Activity,0,0,3,0,0,3,0,0,0,0,0,0,3
HIMACHAL PRADESH,2009,Farming/Agriculture Activity,0,1,8,10,5,24,0,0,0,0,0,0,24
HIMACHAL PRADESH,2009,Others (Please Specify),1,7,12,11,5,36,0,3,2,1,1,7,43
HIMACHAL PRADESH,2009,Retired Person,0,0,0,0,4,4,0,0,0,0,1,1,5
HIMACHAL PRADESH,2009,Others (Please Specify),2,51,44,19,11,127,7,15,7,3,3,35,162
HIMACHAL PRADESH,2009,Total,5,126,128,72,35,366,11,84,55,26,18,194,560
HIMACHAL PRADESH,2009,Total Salaried,0,23,35,18,3,79,0,4,7,7,1,19,98
HIMACHAL PRADESH,2009,Total Self-employed,1,9,32,24,13,79,0,3,3,1,1,8,87
JAMMU & KASHMIR,2009,House Wife,0,0,0,0,0,0,0,34,14,1,1,50,50
JAMMU & KASHMIR,2009,Service (Government),0,8,14,4,0,26,0,3,4,2,0,9,35
JAMMU & KASHMIR,2009,Service (Private),0,4,11,6,3,24,0,2,3,1,0,6,30
JAMMU & KASHMIR,2009,Public Sector Undertaking,0,1,2,1,2,6,0,0,1,0,0,1,7
JAMMU & KASHMIR,2009,Student,0,3,1,0,0,4,0,12,4,0,0,16,20
JAMMU & KASHMIR,2009,Unemployed,0,12,20,9,0,41,0,9,10,2,0,21,62
JAMMU & KASHMIR,2009,Self-employed (Business activity),0,1,5,7,4,17,0,1,0,0,0,1,18
JAMMU & KASHMIR,2009,Professional Activity,0,0,2,0,0,2,0,1,0,0,0,1,3
JAMMU & KASHMIR,2009,Farming/Agriculture Activity,0,6,1,0,1,8,0,0,0,0,0,0,8
JAMMU & KASHMIR,2009,Others (Please Specify),0,3,10,5,3,21,2,5,6,3,3,19,40
JAMMU & KASHMIR,2009,Retired Person,0,0,0,0,0,0,0,0,0,0,0,0,0
JAMMU & KASHMIR,2009,Others (Please Specify),0,6,8,2,3,19,0,14,12,1,2,29,48
JAMMU & KASHMIR,2009,Total,0,44,74,34,16,168,2,81,54,10,6,153,321
JAMMU & KASHMIR,2009,Total Salaried,0,13,27,11,5,56,0,5,8,3,0,16,72
JAMMU & KASHMIR,2009,Total Self-employed,0,10,18,12,8,48,2,7,6,3,3,21,69
JHARKHAND,2009,House Wife,0,0,0,0,0,0,0,54,87,40,4,185,185
JHARKHAND,2009,Service (Government),0,1,14,2,0,17,0,5,2,0,0,7,24
JHARKHAND,2009,Service (Private),0,21,68,30,1,120,1,12,2,1,0,16,136
JHARKHAND,2009,Public Sector Undertaking,0,1,1,1,0,3,1,0,0,0,0,1,4
JHARKHAND,2009,Student,7,53,3,0,0,63,8,25,0,0,0,33,96
JHARKHAND,2009,Unemployed,0,23,39,15,10,87,0,7,6,0,0,13,100
JHARKHAND,2009,Self-employed (Business activity),0,7,15,11,0,33,0,2,2,0,0,4,37
JHARKHAND,2009,Professional Activity,0,6,9,5,0,20,0,1,1,0,0,2,22
JHARKHAND,2009,Farming/Agriculture Activity,0,35,84,34,6,159,0,0,4,1,0,5,164
JHARKHAND,2009,Others (Please Specify),1,34,20,16,6,77,1,7,10,5,0,23,100
JHARKHAND,2009,Retired Person,0,0,0,0,1,1,0,0,0,0,0,0,1
JHARKHAND,2009,Others (Please Specify),8,22,19,88,27,164,11,22,10,17,19,79,243
JHARKHAND,2009,Total,16,203,272,202,51,744,22,135,124,64,23,368,1112
JHARKHAND,2009,Total Salaried,0,23,83,33,1,140,2,17,4,1,0,24,164
JHARKHAND,2009,Total Self-employed,1,82,128,66,12,289,1,10,17,6,0,34,323
KARNATAKA,2009,House Wife,0,0,0,0,0,0,12,526,608,378,172,1696,1696
KARNATAKA,2009,Service (Government),0,14,32,45,1,92,0,9,4,2,0,15,107
KARNATAKA,2009,Service (Private),0,230,296,139,68,733,1,66,31,11,13,122,855
KARNATAKA,2009,Public Sector Undertaking,0,115,72,42,15,244,0,18,16,12,2,48,292
KARNATAKA,2009,Student,39,206,29,0,0,274,19,207,7,0,0,233,507
KARNATAKA,2009,Unemployed,0,130,227,98,25,480,2,33,12,5,3,55,535
KARNATAKA,2009,Self-employed (Business activity),0,151,234,224,27,636,0,9,13,7,1,30,666
KARNATAKA,2009,Professional Activity,0,39,58,40,7,144,0,8,2,1,0,11,155
KARNATAKA,2009,Farming/Agriculture Activity,6,318,705,590,296,1915,0,112,163,70,22,367,2282
KARNATAKA,2009,Others (Please Specify),19,349,640,647,303,1958,98,178,207,217,65,765,2723
KARNATAKA,2009,Retired Person,0,0,5,3,41,49,0,4,1,0,1,6,55
KARNATAKA,2009,Others (Please Specify),139,267,605,503,170,1684,31,136,188,192,91,638,2322
KARNATAKA,2009,Total,203,1819,2903,2331,953,8209,163,1306,1252,895,370,3986,12195
KARNATAKA,2009,Total Salaried,0,359,400,226,84,1069,1,93,51,25,15,185,1254
KARNATAKA,2009,Total Self-employed,25,857,1637,1501,633,4653,98,307,385,295,88,1173,5826
KERALA,2009,House Wife,0,0,0,0,0,0,0,258,375,422,261,1316,1316
KERALA,2009,Service (Government),0,7,24,25,1,57,0,3,6,6,0,15,72
KERALA,2009,Service (Private),1,72,162,103,16,354,0,28,28,18,6,80,434
KERALA,2009,Public Sector Undertaking,0,7,37,43,0,87,0,9,5,5,0,19,106
KERALA,2009,Student,32,75,0,0,0,107,30,137,0,0,0,167,274
KERALA,2009,Unemployed,0,130,220,134,136,620,0,55,57,22,49,183,803
KERALA,2009,Self-employed (Business activity),0,80,194,222,90,586,0,1,5,6,0,12,598
KERALA,2009,Professional Activity,0,48,73,68,24,213,0,3,5,7,0,15,228
KERALA,2009,Farming/Agriculture Activity,0,116,252,294,158,820,0,19,18,23,16,76,896
KERALA,2009,Others (Please Specify),4,290,456,479,234,1463,0,95,51,46,25,217,1680
KERALA,2009,Retired Person,0,0,5,16,62,83,0,0,0,2,10,12,95
KERALA,2009,Others (Please Specify),1,366,556,658,351,1932,0,97,66,76,82,321,2253
KERALA,2009,Total,38,1191,1979,2042,1072,6322,30,705,616,633,449,2433,8755
KERALA,2009,Total Salaried,1,86,223,171,17,498,0,40,39,29,6,114,612
KERALA,2009,Total Self-employed,4,534,975,1063,506,3082,0,118,79,82,41,320,3402
MADHYA PRADESH,2009,House Wife,0,0,0,0,0,0,11,1334,652,220,69,2286,2286
MADHYA PRADESH,2009,Service (Government),0,13,15,16,0,44,0,1,4,8,0,13,57
MADHYA PRADESH,2009,Service (Private),1,136,230,144,27,538,0,73,14,11,2,100,638
MADHYA PRADESH,2009,Public Sector Undertaking,0,10,12,8,1,31,0,4,0,0,0,4,35
MADHYA PRADESH,2009,Student,75,213,41,10,0,339,68,169,20,1,0,258,597
MADHYA PRADESH,2009,Unemployed,6,160,94,34,7,301,0,16,5,1,0,22,323
MADHYA PRADESH,2009,Self-employed (Business activity),23,136,185,165,72,581,0,8,13,2,0,23,604
MADHYA PRADESH,2009,Professional Activity,20,96,111,97,32,356,0,11,4,3,0,18,374
MADHYA PRADESH,2009,Farming/Agriculture Activity,6,418,354,239,103,1120,6,127,102,25,15,275,1395
MADHYA PRADESH,2009,Others (Please Specify),15,297,251,143,80,786,63,85,72,18,11,249,1035
MADHYA PRADESH,2009,Retired Person,0,0,3,2,10,15,0,0,0,0,0,0,15
MADHYA PRADESH,2009,Others (Please Specify),120,279,288,230,72,989,94,268,256,87,60,765,1754
MADHYA PRADESH,2009,Total,266,1758,1584,1088,404,5100,242,2096,1142,376,157,4013,9113
MADHYA PRADESH,2009,Total Salaried,1,159,257,168,28,613,0,78,18,19,2,117,730
MADHYA PRADESH,2009,Total Self-employed,64,947,901,644,287,2843,69,231,191,48,26,565,3408
MAHARASHTRA,2009,House Wife,0,0,0,0,0,0,0,1656,1097,399,231,3383,3383
MAHARASHTRA,2009,Service (Government),0,20,61,57,1,139,0,8,3,4,0,15,154
MAHARASHTRA,2009,Service (Private),0,496,724,345,45,1610,0,78,33,8,1,120,1730
MAHARASHTRA,2009,Public Sector Undertaking,0,37,74,38,2,151,0,7,3,2,0,12,163
MAHARASHTRA,2009,Student,42,358,3,0,0,403,48,353,8,0,0,409,812
MAHARASHTRA,2009,Unemployed,0,356,313,119,33,821,0,33,10,9,0,52,873
MAHARASHTRA,2009,Self-employed (Business activity),0,112,165,108,27,412,0,3,4,0,0,7,419
MAHARASHTRA,2009,Professional Activity,0,162,219,157,53,591,0,13,14,9,3,39,630
MAHARASHTRA,2009,Farming/Agriculture Activity,0,557,1062,728,345,2692,2,89,36,40,13,180,2872
MAHARASHTRA,2009,Others (Please Specify),2,723,930,576,280,2511,2,131,76,27,16,252,2763
MAHARASHTRA,2009,Retired Person,0,0,2,14,117,133,0,0,0,1,2,3,136
MAHARASHTRA,2009,Others (Please Specify),4,80,133,48,57,322,3,16,10,4,10,43,365
MAHARASHTRA,2009,Total,48,2901,3686,2190,960,9785,55,2387,1294,503,276,4515,14300
MAHARASHTRA,2009,Total Salaried,0,553,859,440,48,1900,0,93,39,14,1,147,2047
MAHARASHTRA,2009,Total Self-employed,2,1554,2376,1569,705,6206,4,236,130,76,32,478,6684
MANIPUR,2009,House Wife,0,0,0,0,0,0,0,3,2,0,0,5,5
MANIPUR,2009,Service (Government),0,3,2,1,0,6,0,0,0,0,0,0,6
MANIPUR,2009,Service (Private),0,0,0,0,0,0,0,0,0,0,0,0,0
MANIPUR,2009,Public Sector Undertaking,0,0,0,0,0,0,0,0,0,0,0,0,0
MANIPUR,2009,Student,0,0,0,0,0,0,0,0,0,0,0,0,0
MANIPUR,2009,Unemployed,0,3,4,0,0,7,0,0,1,0,0,1,8
MANIPUR,2009,Self-employed (Business activity),0,0,0,0,0,0,0,0,0,0,0,0,0
MANIPUR,2009,Professional Activity,0,0,0,0,0,0,0,0,0,0,0,0,0
MANIPUR,2009,Farming/Agriculture Activity,0,0,0,0,0,0,0,1,0,0,0,1,1
MANIPUR,2009,Others (Please Specify),0,0,4,0,0,4,0,1,0,0,0,1,5
MANIPUR,2009,Retired Person,0,0,0,0,0,0,0,0,0,0,0,0,0
MANIPUR,2009,Others (Please Specify),0,0,1,0,0,1,0,1,0,0,0,1,2
MANIPUR,2009,Total,0,6,11,1,0,18,0,6,3,0,0,9,27
MANIPUR,2009,Total Salaried,0,3,2,1,0,6,0,0,0,0,0,0,6
MANIPUR,2009,Total Self-employed,0,0,4,0,0,4,0,2,0,0,0,2,6
MEGHALAYA,2009,House Wife,0,0,0,0,0,0,0,4,2,5,0,11,11
MEGHALAYA,2009,Service (Government),0,0,0,1,0,1,0,0,0,0,0,0,1
MEGHALAYA,2009,Service (Private),0,0,0,1,0,1,0,0,0,0,0,0,1
MEGHALAYA,2009,Public Sector Undertaking,0,0,1,0,1,2,0,0,0,0,0,0,2
MEGHALAYA,2009,Student,1,6,0,0,0,7,0,2,0,0,0,2,9
MEGHALAYA,2009,Unemployed,0,2,4,0,0,6,0,1,0,0,0,1,7
MEGHALAYA,2009,Self-employed (Business activity),0,1,1,1,0,3,0,0,0,0,0,0,3
MEGHALAYA,2009,Professional Activity,0,0,0,0,0,0,0,0,3,0,0,3,3
MEGHALAYA,2009,Farming/Agriculture Activity,0,3,2,10,1,16,0,5,0,0,0,5,21
MEGHALAYA,2009,Others (Please Specify),0,1,1,0,0,2,1,3,0,0,0,4,6
MEGHALAYA,2009,Retired Person,0,0,0,1,1,2,0,0,0,0,0,0,2
MEGHALAYA,2009,Others (Please Specify),0,11,2,13,1,27,0,3,1,12,3,19,46
MEGHALAYA,2009,Total,1,24,11,27,4,67,1,18,6,17,3,45,112
MEGHALAYA,2009,Total Salaried,0,0,1,2,1,4,0,0,0,0,0,0,4
MEGHALAYA,2009,Total Self-employed,0,5,4,11,1,21,1,8,3,0,0,12,33
MIZORAM,2009,House Wife,0,0,0,0,0,0,0,0,1,0,0,1,1
MIZORAM,2009,Service (Government),0,0,1,0,0,1,0,0,0,0,0,0,1
MIZORAM,2009,Service (Private),0,1,1,0,0,2,0,0,0,0,0,0,2
MIZORAM,2009,Public Sector Undertaking,0,0,0,0,0,0,0,0,0,0,0,0,0
MIZORAM,2009,Student,0,1,0,0,0,1,0,0,0,0,0,0,1
MIZORAM,2009,Unemployed,0,1,5,0,0,6,0,0,0,0,0,0,6
MIZORAM,2009,Self-employed (Business activity),0,0,0,0,0,0,0,0,0,0,0,0,0
MIZORAM,2009,Professional Activity,0,0,0,0,0,0,0,0,0,0,0,0,0
MIZORAM,2009,Farming/Agriculture Activity,1,16,14,1,1,33,0,2,1,2,0,5,38
MIZORAM,2009,Others (Please Specify),0,6,4,2,0,12,0,1,0,0,0,1,13
MIZORAM,2009,Retired Person,0,0,0,1,0,1,0,0,0,0,0,0,1
MIZORAM,2009,Others (Please Specify),0,6,0,0,0,6,0,0,0,0,0,0,6
MIZORAM,2009,Total,1,31,25,4,1,62,0,3,2,2,0,7,69
MIZORAM,2009,Total Salaried,0,1,2,0,0,3,0,0,0,0,0,0,3
MIZORAM,2009,Total Self-employed,1,22,18,3,1,45,0,3,1,2,0,6,51
NAGALAND,2009,House Wife,0,0,0,0,0,0,0,1,1,0,0,2,2
NAGALAND,2009,Service (Government),0,1,2,2,0,5,0,0,0,0,0,0,5
NAGALAND,2009,Service (Private),0,0,0,0,0,0,0,0,0,0,0,0,0
NAGALAND,2009,Public Sector Undertaking,0,0,0,0,0,0,0,0,0,0,0,0,0
NAGALAND,2009,Student,0,2,0,0,0,2,0,0,0,0,0,0,2
NAGALAND,2009,Unemployed,0,0,0,0,0,0,0,0,0,0,0,0,0
NAGALAND,2009,Self-employed (Business activity),0,0,1,0,0,1,0,0,0,0,0,0,1
NAGALAND,2009,Professional Activity,0,0,0,0,0,0,0,0,0,0,0,0,0
NAGALAND,2009,Farming/Agriculture Activity,0,0,0,0,0,0,0,1,0,0,0,1,1
NAGALAND,2009,Others (Please Specify),0,8,3,1,0,12,0,1,1,0,0,2,14
NAGALAND,2009,Retired Person,0,0,0,0,0,0,0,0,0,0,0,0,0
NAGALAND,2009,Others (Please Specify),2,1,1,1,0,5,0,1,0,0,0,1,6
NAGALAND,2009,Total,2,12,7,4,0,25,0,4,2,0,0,6,31
NAGALAND,2009,Total Salaried,0,1,2,2,0,5,0,0,0,0,0,0,5
NAGALAND,2009,Total Self-employed,0,8,4,1,0,13,0,2,1,0,0,3,16
ODISHA,2009,House Wife,0,0,0,0,0,0,0,254,261,92,20,627,627
ODISHA,2009,Service (Government),0,9,6,17,1,33,0,8,2,1,0,11,44
ODISHA,2009,Service (Private),0,83,93,45,17,238,0,53,35,13,0,101,339
ODISHA,2009,Public Sector Undertaking,0,52,39,17,11,119,0,12,27,17,0,56,175
ODISHA,2009,Student,20,140,1,0,0,161,26,105,1,0,0,132,293
ODISHA,2009,Unemployed,16,133,139,75,11,374,10,66,19,17,2,114,488
ODISHA,2009,Self-employed (Business activity),0,71,112,59,13,255,0,2,13,4,0,19,274
ODISHA,2009,Professional Activity,0,11,17,9,0,37,0,5,3,0,3,11,48
ODISHA,2009,Farming/Agriculture Activity,0,35,56,40,12,143,0,6,1,4,0,11,154
ODISHA,2009,Others (Please Specify),20,229,288,180,70,787,18,205,187,101,40,551,1338
ODISHA,2009,Retired Person,0,0,0,17,28,45,0,0,0,0,12,12,57
ODISHA,2009,Others (Please Specify),13,83,163,69,47,375,13,67,48,16,9,153,528
ODISHA,2009,Total,69,846,914,528,210,2567,67,783,597,265,86,1798,4365
ODISHA,2009,Total Salaried,0,144,138,79,29,390,0,73,64,31,0,168,558
ODISHA,2009,Total Self-employed,20,346,473,288,95,1222,18,218,204,109,43,592,1814
PUNJAB,2009,House Wife,0,0,0,0,0,0,0,64,49,12,5,130,130
PUNJAB,2009,Service (Government),0,1,13,1,0,15,0,0,0,0,0,0,15
PUNJAB,2009,Service (Private),1,20,22,5,6,54,0,3,4,0,0,7,61
PUNJAB,2009,Public Sector Undertaking,0,1,3,0,2,6,0,0,2,0,0,2,8
PUNJAB,2009,Student,7,18,4,0,0,29,4,22,0,0,0,26,55
PUNJAB,2009,Unemployed,0,20,20,2,1,43,0,3,2,0,0,5,48
PUNJAB,2009,Self-employed (Business activity),1,12,22,13,3,51,0,0,0,0,2,2,53
PUNJAB,2009,Professional Activity,0,5,11,15,0,31,0,0,1,0,0,1,32
PUNJAB,2009,Farming/Agriculture Activity,0,38,35,14,6,93,0,2,0,2,0,4,97
PUNJAB,2009,Others (Please Specify),2,73,52,35,14,176,0,4,2,2,1,9,185
PUNJAB,2009,Retired Person,0,2,5,4,1,12,0,0,0,4,4,8,20
PUNJAB,2009,Others (Please Specify),0,40,33,33,19,125,1,9,1,4,3,18,143
PUNJAB,2009,Total,11,230,220,122,52,635,5,107,61,24,15,212,847
PUNJAB,2009,Total Salaried,1,22,38,6,8,75,0,3,6,0,0,9,84
PUNJAB,2009,Total Self-employed,3,128,120,77,23,351,0,6,3,4,3,16,367
RAJASTHAN,2009,House Wife,0,0,0,0,0,0,23,466,410,142,29,1070,1070
RAJASTHAN,2009,Service (Government),0,5,19,11,1,36,0,7,3,0,0,10,46
RAJASTHAN,2009,Service (Private),0,188,217,91,26,522,0,12,2,0,0,14,536
RAJASTHAN,2009,Public Sector Undertaking,0,2,5,9,4,20,0,1,1,1,0,3,23
RAJASTHAN,2009,Student,37,108,1,0,0,146,20,55,2,0,0,77,223
RAJASTHAN,2009,Unemployed,0,77,47,14,1,139,0,5,3,8,1,17,156
RAJASTHAN,2009,Self-employed (Business activity),0,61,158,54,4,277,0,2,2,2,0,6,283
RAJASTHAN,2009,Professional Activity,0,8,35,9,0,52,0,0,1,0,0,1,53
RAJASTHAN,2009,Farming/Agriculture Activity,7,196,337,190,45,775,0,33,28,12,3,76,851
RAJASTHAN,2009,Others (Please Specify),17,301,343,206,35,902,13,67,53,10,3,146,1048
RAJASTHAN,2009,Retired Person,0,0,1,1,3,5,0,0,0,0,1,1,6
RAJASTHAN,2009,Others (Please Specify),38,214,179,140,66,637,6,62,43,18,4,133,770
RAJASTHAN,2009,Total,99,1160,1342,725,185,3511,62,710,548,193,41,1554,5065
RAJASTHAN,2009,Total Salaried,0,195,241,111,31,578,0,20,6,1,0,27,605
RAJASTHAN,2009,Total Self-employed,24,566,873,459,84,2006,13,102,84,24,6,229,2235
SIKKIM,2009,House Wife,0,0,0,0,0,0,0,5,3,0,0,8,8
SIKKIM,2009,Service (Government),0,5,2,0,0,7,0,3,2,0,0,5,12
SIKKIM,2009,Service (Private),0,7,3,2,1,13,0,7,4,4,3,18,31
SIKKIM,2009,Public Sector Undertaking,0,3,5,3,0,11,0,8,5,3,0,16,27
SIKKIM,2009,Student,0,5,0,0,0,5,0,2,0,0,0,2,7
SIKKIM,2009,Unemployed,0,2,3,5,2,12,0,11,7,5,0,23,35
SIKKIM,2009,Self-employed (Business activity),0,11,7,7,1,26,0,5,1,3,0,9,35
SIKKIM,2009,Professional Activity,0,7,0,2,0,9,0,6,3,5,0,14,23
SIKKIM,2009,Farming/Agriculture Activity,0,12,0,1,1,14,0,3,2,2,2,9,23
SIKKIM,2009,Others (Please Specify),1,3,2,1,1,8,1,3,1,0,0,5,13
SIKKIM,2009,Retired Person,0,0,0,2,2,4,0,0,0,1,2,3,7
SIKKIM,2009,Others (Please Specify),2,10,1,0,0,13,2,4,1,0,0,7,20
SIKKIM,2009,Total,3,65,23,23,8,122,3,57,29,23,7,119,241
SIKKIM,2009,Total Salaried,0,15,10,5,1,31,0,18,11,7,3,39,70
SIKKIM,2009,Total Self-employed,1,33,9,11,3,57,1,17,7,10,2,37,94
TAMIL NADU,2009,House Wife,0,0,0,0,0,0,0,987,1017,492,267,2763,2763
TAMIL NADU,2009,Service (Government),0,7,86,104,11,208,0,8,26,11,0,45,253
TAMIL NADU,2009,Service (Private),0,393,604,308,54,1359,0,138,125,98,19,380,1739
TAMIL NADU,2009,Public Sector Undertaking,0,152,136,48,9,345,0,4,12,11,0,27,372
TAMIL NADU,2009,Student,83,174,0,0,0,257,68,131,0,0,0,199,456
TAMIL NADU,2009,Unemployed,3,359,617,446,137,1562,6,171,83,140,24,424,1986
TAMIL NADU,2009,Self-employed (Business activity),0,152,249,209,99,709,2,34,53,22,11,122,831
TAMIL NADU,2009,Professional Activity,0,97,84,23,38,242,0,38,23,16,9,86,328
TAMIL NADU,2009,Farming/Agriculture Activity,5,195,306,244,106,856,7,86,56,36,19,204,1060
TAMIL NADU,2009,Others (Please Specify),27,485,645,437,239,1833,26,197,215,82,49,569,2402
TAMIL NADU,2009,Retired Person,0,0,0,84,98,182,0,0,0,14,18,32,214
TAMIL NADU,2009,Others (Please Specify),18,347,447,346,239,1397,35,283,159,97,49,623,2020
TAMIL NADU,2009,Total,136,2361,3174,2249,1030,8950,144,2077,1769,1019,465,5474,14424
TAMIL NADU,2009,Total Salaried,0,552,826,460,74,1912,0,150,163,120,19,452,2364
TAMIL NADU,2009,Total Self-employed,32,929,1284,913,482,3640,35,355,347,156,88,981,4621
TRIPURA,2009,House Wife,0,0,0,0,0,0,0,93,48,26,9,176,176
TRIPURA,2009,Service (Government),0,5,9,5,0,19,0,0,0,0,0,0,19
TRIPURA,2009,Service (Private),0,9,5,2,3,19,0,0,0,0,0,0,19
TRIPURA,2009,Public Sector Undertaking,0,0,2,0,0,2,0,0,0,0,0,0,2
TRIPURA,2009,Student,8,39,0,0,0,47,8,34,0,0,0,42,89
TRIPURA,2009,Unemployed,0,22,3,0,0,25,0,1,3,0,0,4,29
TRIPURA,2009,Self-employed (Business activity),0,15,38,18,0,71,0,4,0,0,0,4,75
TRIPURA,2009,Professional Activity,0,5,10,4,1,20,0,0,0,0,0,0,20
TRIPURA,2009,Farming/Agriculture Activity,0,11,16,13,5,45,0,0,0,0,0,0,45
TRIPURA,2009,Others (Please Specify),0,49,56,51,12,168,1,25,9,0,0,35,203
TRIPURA,2009,Retired Person,0,0,0,0,0,0,0,0,0,0,0,0,0
TRIPURA,2009,Others (Please Specify),1,32,15,2,1,51,1,1,2,5,1,10,61
TRIPURA,2009,Total,9,187,154,95,22,467,10,158,62,31,10,271,738
TRIPURA,2009,Total Salaried,0,14,16,7,3,40,0,0,0,0,0,0,40
TRIPURA,2009,Total Self-employed,0,80,120,86,18,304,1,29,9,0,0,39,343
UTTAR PRADESH,2009,House Wife,0,0,0,0,0,0,7,605,272,74,48,1006,1006
UTTAR PRADESH,2009,Service (Government),0,10,15,6,0,31,0,11,4,3,0,18,49
UTTAR PRADESH,2009,Service (Private),0,95,112,47,7,261,0,42,36,8,0,86,347
UTTAR PRADESH,2009,Public Sector Undertaking,0,16,12,22,0,50,0,16,7,0,0,23,73
UTTAR PRADESH,2009,Student,21,172,10,0,0,203,29,107,7,0,0,143,346
UTTAR PRADESH,2009,Unemployed,5,135,118,48,13,319,1,21,20,7,3,52,371
UTTAR PRADESH,2009,Self-employed (Business activity),0,45,31,38,12,126,0,6,10,2,0,18,144
UTTAR PRADESH,2009,Professional Activity,0,7,8,5,1,21,0,1,1,0,0,2,23
UTTAR PRADESH,2009,Farming/Agriculture Activity,6,121,253,96,48,524,0,59,28,24,21,132,656
UTTAR PRADESH,2009,Others (Please Specify),8,148,143,118,68,485,14,134,100,35,14,297,782
UTTAR PRADESH,2009,Retired Person,0,2,0,0,2,4,0,0,11,0,0,11,15
UTTAR PRADESH,2009,Others (Please Specify),11,85,63,38,18,215,11,67,35,8,10,131,346
UTTAR PRADESH,2009,Total,51,836,765,418,169,2239,62,1069,531,161,96,1919,4158
UTTAR PRADESH,2009,Total Salaried,0,121,139,75,7,342,0,69,47,11,0,127,469
UTTAR PRADESH,2009,Total Self-employed,14,321,435,257,129,1156,14,200,139,61,35,449,1605
UTTARAKHAND,2009,House Wife,0,0,0,0,0,0,0,42,25,7,1,75,75
UTTARAKHAND,2009,Service (Government),0,3,1,4,0,8,0,0,0,0,0,0,8
UTTARAKHAND,2009,Service (Private),0,15,9,9,0,33,0,2,4,0,0,6,39
UTTARAKHAND,2009,Public Sector Undertaking,0,3,1,2,0,6,0,0,0,2,0,2,8
UTTARAKHAND,2009,Student,1,20,0,0,0,21,3,16,0,0,0,19,40
UTTARAKHAND,2009,Unemployed,0,10,16,5,0,31,0,4,1,0,0,5,36
UTTARAKHAND,2009,Self-employed (Business activity),0,2,4,2,0,8,0,0,2,0,0,2,10
UTTARAKHAND,2009,Professional Activity,0,2,8,14,3,27,0,5,2,0,0,7,34
UTTARAKHAND,2009,Farming/Agriculture Activity,0,10,9,4,3,26,0,4,0,0,0,4,30
UTTARAKHAND,2009,Others (Please Specify),0,0,0,0,0,0,0,0,0,0,0,0,0
UTTARAKHAND,2009,Retired Person,1,12,7,17,5,42,0,6,8,6,0,20,62
UTTARAKHAND,2009,Others (Please Specify),0,0,0,0,0,0,0,0,0,0,0,0,0
UTTARAKHAND,2009,Total,2,77,55,57,11,202,3,79,42,15,1,140,342
UTTARAKHAND,2009,Total Salaried,0,21,11,15,0,47,0,2,4,2,0,8,55
UTTARAKHAND,2009,Total Self-employed,0,14,21,20,6,61,0,9,4,0,0,13,74
WEST BENGAL,2009,House Wife,0,0,0,0,0,0,0,1495,1256,488,66,3305,3305
WEST BENGAL,2009,Service (Government),0,32,94,53,0,179,0,19,26,14,1,60,239
WEST BENGAL,2009,Service (Private),0,143,241,266,6,656,0,64,80,15,1,160,816
WEST BENGAL,2009,Public Sector Undertaking,0,67,228,215,4,514,0,33,37,23,0,93,607
WEST BENGAL,2009,Student,117,313,23,0,0,453,120,279,18,0,0,417,870
WEST BENGAL,2009,Unemployed,1,448,591,108,3,1151,1,86,88,29,0,204,1355
WEST BENGAL,2009,Self-employed (Business activity),0,290,471,333,44,1138,0,69,83,44,4,200,1338
WEST BENGAL,2009,Professional Activity,0,23,96,59,2,180,0,15,13,0,0,28,208
WEST BENGAL,2009,Farming/Agriculture Activity,1,256,402,217,53,929,4,49,52,18,2,125,1054
WEST BENGAL,2009,Others (Please Specify),72,329,724,312,67,1504,18,204,168,90,26,506,2010
WEST BENGAL,2009,Retired Person,0,0,0,0,58,58,0,0,0,0,30,30,88
WEST BENGAL,2009,Others (Please Specify),44,506,539,417,226,1732,75,412,310,163,66,1026,2758
WEST BENGAL,2009,Total,235,2407,3409,1980,463,8494,218,2725,2131,884,196,6154,14648
WEST BENGAL,2009,Total Salaried,0,242,563,534,10,1349,0,116,143,52,2,313,1662
WEST BENGAL,2009,Total Self-employed,73,898,1693,921,166,3751,22,337,316,152,32,859,4610
TOTAL (STATES),2009,House Wife,0,0,0,0,0,0,62,10751,8459,3792,1524,24588,24588
TOTAL (STATES),2009,Service (Government),0,273,608,461,24,1366,0,125,108,59,2,294,1660
TOTAL (STATES),2009,Service (Private),3,2643,3800,2032,383,8861,2,722,500,239,64,1527,10388
TOTAL (STATES),2009,Public Sector Undertaking,0,707,940,652,136,2435,1,173,145,100,17,436,2871
TOTAL (STATES),2009,Student,636,2829,171,11,0,3647,609,2183,88,3,0,2883,6530
TOTAL (STATES),2009,Unemployed,36,2783,3338,1493,416,8066,25,639,422,275,88,1449,9515
TOTAL (STATES),2009,Self-employed (Business activity),24,1759,2732,2072,563,7150,2,199,229,103,19,552,7702
TOTAL (STATES),2009,Professional Activity,20,850,1214,937,199,3220,0,153,123,54,16,346,3566
TOTAL (STATES),2009,Farming/Agriculture Activity,46,3418,5762,3977,1563,14766,27,929,803,481,169,2409,17175
TOTAL (STATES),2009,Others (Please Specify),217,4541,6060,4232,1740,16790,297,1822,1597,868,349,4933,21723
TOTAL (STATES),2009,Retired Person,1,17,29,189,590,826,0,10,46,31,108,195,1021
TOTAL (STATES),2009,Others (Please Specify),500,3313,4211,3285,1601,12910,393,1953,1430,935,510,5221,18131
TOTAL (STATES),2009,Total,1483,23133,28865,19341,7215,80037,1418,19659,13950,6940,2866,44833,124870
TOTAL (STATES),2009,Total Salaried,3,3623,5348,3145,543,12662,3,1020,753,398,83,2257,14919
TOTAL (STATES),2009,Total Self-employed,307,10568,15768,11218,4065,41926,326,3103,2752,1506,553,8240,50166
A & N ISLANDS,2009,House Wife,0,0,0,0,0,0,0,14,10,4,1,29,29
A & N ISLANDS,2009,Service (Government),0,0,3,9,1,13,0,0,1,0,0,1,14
A & N ISLANDS,2009,Service (Private),0,20,10,10,2,42,0,0,2,0,0,2,44
A & N ISLANDS,2009,Public Sector Undertaking,0,0,0,0,0,0,0,0,0,0,0,0,0
A & N ISLANDS,2009,Student,1,2,0,0,0,3,7,3,0,0,0,10,13
A & N ISLANDS,2009,Unemployed,0,0,0,0,0,0,0,0,0,0,0,0,0
A & N ISLANDS,2009,Self-employed (Business activity),0,0,2,0,0,2,0,0,0,0,0,0,2
A & N ISLANDS,2009,Professional Activity,0,0,0,0,0,0,0,0,0,0,0,0,0
A & N ISLANDS,2009,Farming/Agriculture Activity,0,5,7,5,2,19,0,0,0,0,0,0,19
A & N ISLANDS,2009,Others (Please Specify),0,4,1,1,0,6,0,2,1,0,0,3,9
A & N ISLANDS,2009,Retired Person,0,0,0,0,1,1,0,0,0,0,0,0,1
A & N ISLANDS,2009,Others (Please Specify),0,0,0,0,0,0,0,0,0,0,0,0,0
A & N ISLANDS,2009,Total,1,31,23,25,6,86,7,19,14,4,1,45,131
A & N ISLANDS,2009,Total Salaried,0,20,13,19,3,55,0,0,3,0,0,3,58
A & N ISLANDS,2009,Total Self-employed,0,9,10,6,2,27,0,2,1,0,0,3,30
CHANDIGARH,2009,House Wife,0,0,0,0,0,0,0,6,8,1,2,17,17
CHANDIGARH,2009,Service (Government),0,0,4,3,0,7,0,0,0,0,0,0,7
CHANDIGARH,2009,Service (Private),0,0,3,2,0,5,0,0,1,0,0,1,6
CHANDIGARH,2009,Public Sector Undertaking,0,5,6,1,0,12,0,0,0,0,0,0,12
CHANDIGARH,2009,Student,0,6,0,0,0,6,1,11,0,0,0,12,18
CHANDIGARH,2009,Unemployed,0,3,3,1,0,7,0,0,0,0,0,0,7
CHANDIGARH,2009,Self-employed (Business activity),0,0,1,1,1,3,0,0,0,0,0,0,3
CHANDIGARH,2009,Professional Activity,0,0,1,0,0,1,0,0,0,0,0,0,1
CHANDIGARH,2009,Farming/Agriculture Activity,0,0,0,0,0,0,0,0,0,0,0,0,0
CHANDIGARH,2009,Others (Please Specify),0,1,0,0,0,1,0,0,0,0,0,0,1
CHANDIGARH,2009,Retired Person,0,0,0,0,1,1,0,0,0,0,0,0,1
CHANDIGARH,2009,Others (Please Specify),0,1,0,0,0,1,0,1,0,0,0,1,2
CHANDIGARH,2009,Total,0,16,18,8,2,44,1,18,9,1,2,31,75
CHANDIGARH,2009,Total Salaried,0,5,13,6,0,24,0,0,1,0,0,1,25
CHANDIGARH,2009,Total Self-employed,0,1,2,1,1,5,0,0,0,0,0,0,5
D & N HAVELI,2009,House Wife,0,0,0,0,0,0,0,10,2,1,6,19,19
D & N HAVELI,2009,Service (Government),0,0,1,0,0,1,0,0,0,0,0,0,1
D & N HAVELI,2009,Service (Private),0,6,3,1,0,10,0,0,2,0,0,2,12
D & N HAVELI,2009,Public Sector Undertaking,0,0,0,0,0,0,0,0,0,0,0,0,0
D & N HAVELI,2009,Student,0,2,0,0,0,2,0,4,0,0,0,4,6
D & N HAVELI,2009,Unemployed,0,0,0,0,0,0,0,0,0,0,0,0,0
D & N HAVELI,2009,Self-employed (Business activity),0,0,0,1,0,1,0,0,0,0,0,0,1
D & N HAVELI,2009,Professional Activity,0,0,0,0,0,0,0,0,0,0,0,0,0
D & N HAVELI,2009,Farming/Agriculture Activity,0,2,5,6,2,15,0,0,0,0,0,0,15
D & N HAVELI,2009,Others (Please Specify),0,0,1,0,0,1,0,0,0,0,1,1,2
D & N HAVELI,2009,Retired Person,0,0,0,0,0,0,0,0,0,0,0,0,0
D & N HAVELI,2009,Others (Please Specify),0,0,0,0,0,0,0,0,0,0,0,0,0
D & N HAVELI,2009,Total,0,10,10,8,2,30,0,14,4,1,7,26,56
D & N HAVELI,2009,Total Salaried,0,6,4,1,0,11,0,0,2,0,0,2,13
D & N HAVELI,2009,Total Self-employed,0,2,6,7,2,17,0,0,0,0,1,1,18
DAMAN & DIU,2009,House Wife,0,0,0,0,0,0,0,0,3,1,0,4,4
DAMAN & DIU,2009,Service (Government),0,0,0,0,0,0,0,0,0,0,0,0,0
DAMAN & DIU,2009,Service (Private),0,6,0,0,0,6,0,0,1,0,0,1,7
DAMAN & DIU,2009,Public Sector Undertaking,0,0,0,0,0,0,0,1,0,0,0,1,1
DAMAN & DIU,2009,Student,0,1,0,1,0,2,1,0,0,0,0,1,3
DAMAN & DIU,2009,Unemployed,0,0,0,1,0,1,0,0,0,0,0,0,1
DAMAN & DIU,2009,Self-employed (Business activity),0,0,0,0,0,0,0,0,0,0,0,0,0
DAMAN & DIU,2009,Professional Activity,0,0,0,0,0,0,0,0,0,0,0,0,0
DAMAN & DIU,2009,Farming/Agriculture Activity,0,0,0,0,0,0,0,0,0,0,0,0,0
DAMAN & DIU,2009,Others (Please Specify),0,0,0,0,0,0,0,0,0,0,0,0,0
DAMAN & DIU,2009,Retired Person,0,0,0,0,0,0,0,0,0,0,0,0,0
DAMAN & DIU,2009,Others (Please Specify),0,1,2,1,2,6,0,0,1,0,0,1,7
DAMAN & DIU,2009,Total,0,8,2,3,2,15,1,1,5,1,0,8,23
DAMAN & DIU,2009,Total Salaried,0,6,0,0,0,6,0,1,1,0,0,2,8
DAMAN & DIU,2009,Total Self-employed,0,0,0,0,0,0,0,0,0,0,0,0,0
DELHI (UT),2009,House Wife,0,0,0,0,0,0,0,198,98,21,6,323,323
DELHI (UT),2009,Service (Government),0,4,9,5,0,18,0,1,1,0,0,2,20
DELHI (UT),2009,Service (Private),0,88,99,21,2,210,0,16,3,2,0,21,231
DELHI (UT),2009,Public Sector Undertaking,0,9,11,4,0,24,0,2,0,0,0,2,26
DELHI (UT),2009,Student,10,87,2,0,0,99,7,58,1,0,0,66,165
DELHI (UT),2009,Unemployed,1,129,80,25,3,238,5,30,7,0,0,42,280
DELHI (UT),2009,Self-employed (Business activity),0,13,12,5,1,31,0,0,0,0,0,0,31
DELHI (UT),2009,Professional Activity,0,3,5,4,0,12,0,1,0,0,0,1,13
DELHI (UT),2009,Farming/Agriculture Activity,0,1,3,1,0,5,0,0,0,0,0,0,5
DELHI (UT),2009,Others (Please Specify),0,39,43,22,4,108,0,12,8,4,0,24,132
DELHI (UT),2009,Retired Person,0,0,0,0,7,7,0,0,0,0,0,0,7
DELHI (UT),2009,Others (Please Specify),4,84,61,21,11,181,7,42,7,6,1,63,244
DELHI (UT),2009,Total,15,457,325,108,28,933,19,360,125,33,7,544,1477
DELHI (UT),2009,Total Salaried,0,101,119,30,2,252,0,19,4,2,0,25,277
DELHI (UT),2009,Total Self-employed,0,56,63,32,5,156,0,13,8,4,0,25,181
LAKSHADWEEP,2009,House Wife,0,0,0,0,0,0,0,0,1,0,0,1,1
LAKSHADWEEP,2009,Service (Government),0,0,0,0,0,0,0,0,0,0,0,0,0
LAKSHADWEEP,2009,Service (Private),0,0,0,0,0,0,0,0,0,0,0,0,0
LAKSHADWEEP,2009,Public Sector Undertaking,0,0,0,0,0,0,0,0,0,0,0,0,0
LAKSHADWEEP,2009,Student,0,0,0,0,0,0,0,0,0,0,0,0,0
LAKSHADWEEP,2009,Unemployed,0,0,0,0,0,0,0,0,0,0,0,0,0
LAKSHADWEEP,2009,Self-employed (Business activity),0,0,0,0,0,0,0,0,0,0,0,0,0
LAKSHADWEEP,2009,Professional Activity,0,0,0,0,0,0,0,0,0,0,0,0,0
LAKSHADWEEP,2009,Farming/Agriculture Activity,0,0,0,0,0,0,0,0,0,0,0,0,0
LAKSHADWEEP,2009,Others (Please Specify),0,0,0,0,0,0,0,0,0,0,0,0,0
LAKSHADWEEP,2009,Retired Person,0,0,0,0,0,0,0,0,0,0,0,0,0
LAKSHADWEEP,2009,Others (Please Specify),0,0,0,0,0,0,0,0,0,0,0,0,0
LAKSHADWEEP,2009,Total,0,0,0,0,0,0,0,0,1,0,0,1,1
LAKSHADWEEP,2009,Total Salaried,0,0,0,0,0,0,0,0,0,0,0,0,0
LAKSHADWEEP,2009,Total Self-employed,0,0,0,0,0,0,0,0,0,0,0,0,0
PUDUCHERRY,2009,House Wife,0,0,0,0,0,0,0,50,32,23,6,111,111
PUDUCHERRY,2009,Service (Government),0,2,3,6,0,11,0,0,1,0,0,1,12
PUDUCHERRY,2009,Service (Private),0,7,10,1,1,19,0,12,1,0,0,13,32
PUDUCHERRY,2009,Public Sector Undertaking,0,1,0,3,0,4,0,0,0,0,0,0,4
PUDUCHERRY,2009,Student,2,7,0,0,0,9,4,13,0,0,0,17,26
PUDUCHERRY,2009,Unemployed,0,16,14,20,26,76,0,24,4,2,7,37,113
PUDUCHERRY,2009,Self-employed (Business activity),0,2,3,3,1,9,0,0,0,0,0,0,9
PUDUCHERRY,2009,Professional Activity,0,18,18,13,0,49,0,2,2,1,0,5,54
PUDUCHERRY,2009,Farming/Agriculture Activity,0,38,43,56,9,146,0,2,5,1,0,8,154
PUDUCHERRY,2009,Others (Please Specify),0,0,1,1,0,2,0,0,0,0,0,0,2
PUDUCHERRY,2009,Retired Person,0,0,0,0,1,1,0,0,0,0,0,0,1
PUDUCHERRY,2009,Others (Please Specify),0,0,0,0,0,0,0,0,0,0,0,0,0
PUDUCHERRY,2009,Total,2,91,92,103,38,326,4,103,45,27,13,192,518
PUDUCHERRY,2009,Total Salaried,0,10,13,10,1,34,0,12,2,0,0,14,48
PUDUCHERRY,2009,Total Self-employed,0,58,65,73,10,206,0,4,7,2,0,13,219
TOTAL (UTs),2009,House Wife,0,0,0,0,0,0,0,278,154,51,21,504,504
TOTAL (UTs),2009,Service (Government),0,6,20,23,1,50,0,1,3,0,0,4,54
TOTAL (UTs),2009,Service (Private),0,127,125,35,5,292,0,28,10,2,0,40,332
TOTAL (UTs),2009,Public Sector Undertaking,0,15,17,8,0,40,0,3,0,0,0,3,43
TOTAL (UTs),2009,Student,13,105,2,1,0,121,20,89,1,0,0,110,231
TOTAL (UTs),2009,Unemployed,1,148,97,47,29,322,5,54,11,2,7,79,401
TOTAL (UTs),2009,Self-employed (Business activity),0,15,18,10,3,46,0,0,0,0,0,0,46
TOTAL (UTs),2009,Professional Activity,0,21,24,17,0,62,0,3,2,1,0,6,68
TOTAL (UTs),2009,Farming/Agriculture Activity,0,46,58,68,13,185,0,2,5,1,0,8,193
TOTAL (UTs),2009,Others (Please Specify),0,44,46,24,4,118,0,14,9,4,1,28,146
TOTAL (UTs),2009,Retired Person,0,0,0,0,10,10,0,0,0,0,0,0,10
TOTAL (UTs),2009,Others (Please Specify),4,86,63,22,13,188,7,43,8,6,1,65,253
TOTAL (UTs),2009,Total,18,613,470,255,78,1434,32,515,203,67,30,847,2281
TOTAL (UTs),2009,Total Salaried,0,148,162,66,6,382,0,32,13,2,0,47,429
TOTAL (UTs),2009,Total Self-employed,0,126,146,119,20,411,0,19,16,6,1,42,453
TOTAL (ALL INDIA),2009,House Wife,0,0,0,0,0,0,62,11029,8613,3843,1545,25092,25092
TOTAL (ALL INDIA),2009,Service (Government),0,279,628,484,25,1416,0,126,111,59,2,298,1714
TOTAL (ALL INDIA),2009,Service (Private),3,2770,3925,2067,388,9153,2,750,510,241,64,1567,10720
TOTAL (ALL INDIA),2009,Public Sector Undertaking,0,722,957,660,136,2475,1,176,145,100,17,439,2914
TOTAL (ALL INDIA),2009,Student,649,2934,173,12,0,3768,629,2272,89,3,0,2993,6761
TOTAL (ALL INDIA),2009,Unemployed,37,2931,3435,1540,445,8388,30,693,433,277,95,1528,9916
TOTAL (ALL INDIA),2009,Self-employed (Business activity),24,1774,2750,2082,566,7196,2,199,229,103,19,552,7748
TOTAL (ALL INDIA),2009,Professional Activity,20,871,1238,954,199,3282,0,156,125,55,16,352,3634
TOTAL (ALL INDIA),2009,Farming/Agriculture Activity,46,3464,5820,4045,1576,14951,27,931,808,482,169,2417,17368
TOTAL (ALL INDIA),2009,Others (Please Specify),217,4585,6106,4256,1744,16908,297,1836,1606,872,350,4961,21869
TOTAL (ALL INDIA),2009,Retired Person,1,17,29,189,600,836,0,10,46,31,108,195,1031
TOTAL (ALL INDIA),2009,Others (Please Specify),504,3399,4274,3307,1614,13098,400,1996,1438,941,511,5286,18384
TOTAL (ALL INDIA),2009,Total,1501,23746,29335,19596,7293,81471,1450,20174,14153,7007,2896,45680,127151
TOTAL (ALL INDIA),2009,Total Salaried,3,3771,5510,3211,549,13044,3,1052,766,400,83,2304,15348
TOTAL (ALL INDIA),2009,Total Self-employed,307,10694,15914,11337,4085,42337,326,3122,2768,1512,554,8282,50619
