STATE/UT,Year,CAUSE,Male upto 14 years,Male 15-29 years,Male 30-44 years,Male 45-59 years,Male 60 years and above,Total Male,Female upto 14 years,Female 15-29 years,Female 30-44 years,Female 45-59 years,Female 60 years and above,Total Female,Grand Total
ANDHRA PRADESH,2003,House Wife,0,0,0,0,0,0,4,955,622,256,92,1929,1929
ANDHRA PRADESH,2003,Service (Government),0,76,84,79,11,250,0,11,21,4,0,36,286
ANDHRA PRADESH,2003,Service (Private),2,90,166,103,8,369,2,32,43,21,5,103,472
ANDHRA PRADESH,2003,Public Sector Undertaking,0,20,48,37,16,121,0,20,21,11,3,55,176
ANDHRA PRADESH,2003,Student,69,240,39,0,0,348,71,148,2,0,0,221,569
ANDHRA PRADESH,2003,Unemployed,1,224,307,116,0,648,9,52,14,3,0,78,726
ANDHRA PRADESH,2003,Self-employed (Business activity),2,87,238,222,47,596,9,18,49,27,5,108,704
ANDHRA PRADESH,2003,Professional Activity,0,104,180,90,16,390,1,6,18,2,0,27,417
ANDHRA PRADESH,2003,Farming/Agriculture Activity,7,325,585,376,149,1442,6,81,163,96,12,358,1800
ANDHRA PRADESH,2003,Others (Please Specify),17,333,475,254,118,1197,31,129,68,58,29,315,1512
ANDHRA PRADESH,2003,Retired Person,0,0,15,25,37,77,0,0,3,33,16,52,129
ANDHRA PRADESH,2003,Others (Please Specify),57,771,709,443,95,2075,64,233,180,98,39,614,2689
ANDHRA PRADESH,2003,Total,155,2270,2846,1745,497,7513,197,1685,1204,609,201,3896,11409
ANDHRA PRADESH,2003,Total Salaried,2,186,298,219,35,740,2,63,85,36,8,194,934
ANDHRA PRADESH,2003,Total Self-employed,26,849,1478,942,330,3625,47,234,298,183,46,808,4433
ARUNACHAL PRADESH,2003,House Wife,0,0,0,0,0,0,0,8,8,2,0,18,18
ARUNACHAL PRADESH,2003,Service (Government),0,1,7,4,0,12,0,0,2,0,0,2,14
ARUNACHAL PRADESH,2003,Service (Private),0,2,1,0,0,3,0,0,0,0,0,0,3
ARUNACHAL PRADESH,2003,Public Sector Undertaking,0,1,0,0,0,1,0,0,0,0,0,0,1
ARUNACHAL PRADESH,2003,Student,1,0,0,0,0,1,1,3,0,0,0,4,5
ARUNACHAL PRADESH,2003,Unemployed,1,2,0,0,0,3,0,0,0,0,0,0,3
ARUNACHAL PRADESH,2003,Self-employed (Business activity),0,5,12,7,0,24,0,2,0,0,0,2,26
ARUNACHAL PRADESH,2003,Professional Activity,0,0,0,0,0,0,0,0,0,0,0,0,0
ARUNACHAL PRADESH,2003,Farming/Agriculture Activity,1,0,6,1,2,10,0,1,0,0,0,1,11
ARUNACHAL PRADESH,2003,Others (Please Specify),0,0,0,0,0,0,0,0,0,0,0,0,0
ARUNACHAL PRADESH,2003,Retired Person,0,0,0,0,0,0,0,0,0,0,0,0,0
ARUNACHAL PRADESH,2003,Others (Please Specify),0,0,0,0,0,0,0,0,0,0,0,0,0
ARUNACHAL PRADESH,2003,Total,3,11,26,12,2,54,1,14,10,2,0,27,81
ARUNACHAL PRADESH,2003,Total Salaried,0,4,8,4,0,16,0,0,2,0,0,2,18
ARUNACHAL PRADESH,2003,Total Self-employed,1,5,18,8,2,34,0,3,0,0,0,3,37
ASSAM,2003,House Wife,0,0,0,0,0,0,2,183,126,57,13,381,381
ASSAM,2003,Service (Government),0,2,9,4,0,15,0,0,0,0,0,0,15
ASSAM,2003,Service (Private),0,27,26,33,2,88,0,5,1,2,0,8,96
ASSAM,2003,Public Sector Undertaking,0,35,22,15,1,73,0,16,5,1,0,22,95
ASSAM,2003,Student,24,101,4,0,0,129,19,72,0,0,0,91,220
ASSAM,2003,Unemployed,0,40,111,52,2,205,0,28,28,10,1,67,272
ASSAM,2003,Self-employed (Business activity),0,56,72,51,2,181,0,22,2,2,0,26,207
ASSAM,2003,Professional Activity,2,8,17,3,4,34,0,0,0,0,0,0,34
ASSAM,2003,Farming/Agriculture Activity,2,53,56,27,18,156,0,30,1,0,0,31,187
ASSAM,2003,Others (Please Specify),20,270,182,106,17,595,15,98,42,15,13,183,778
ASSAM,2003,Retired Person,0,0,0,0,1,1,0,0,0,0,0,0,1
ASSAM,2003,Others (Please Specify),13,79,58,32,17,199,12,58,20,14,7,111,310
ASSAM,2003,Total,61,671,557,323,64,1676,48,512,225,101,34,920,2596
ASSAM,2003,Total Salaried,0,64,57,52,3,176,0,21,6,3,0,30,206
ASSAM,2003,Total Self-employed,24,387,327,187,41,966,15,150,45,17,13,240,1206
BIHAR,2003,House Wife,0,0,0,0,0,0,0,75,61,2,0,138,138
BIHAR,2003,Service (Government),0,0,2,1,0,3,0,1,1,0,0,2,5
BIHAR,2003,Service (Private),0,10,9,2,0,21,0,3,3,0,0,6,27
BIHAR,2003,Public Sector Undertaking,0,0,2,1,0,3,0,0,0,0,0,0,3
BIHAR,2003,Student,15,26,0,0,0,41,9,9,0,0,0,18,59
BIHAR,2003,Unemployed,12,20,27,3,0,62,1,5,5,2,0,13,75
BIHAR,2003,Self-employed (Business activity),0,7,2,9,1,19,0,2,0,0,0,2,21
BIHAR,2003,Professional Activity,1,8,7,3,0,19,0,1,5,0,0,6,25
BIHAR,2003,Farming/Agriculture Activity,5,11,15,12,2,45,0,0,1,0,0,1,46
BIHAR,2003,Others (Please Specify),9,21,17,1,0,48,1,10,7,4,0,22,70
BIHAR,2003,Retired Person,0,0,0,1,5,6,0,0,0,0,0,0,6
BIHAR,2003,Others (Please Specify),7,32,23,18,4,84,4,21,7,4,4,40,124
BIHAR,2003,Total,49,135,104,51,12,351,15,127,90,12,4,248,599
BIHAR,2003,Total Salaried,0,10,13,4,0,27,0,4,4,0,0,8,35
BIHAR,2003,Total Self-employed,15,47,41,25,3,131,1,13,13,4,0,31,162
CHHATTISGARH,2003,House Wife,0,0,0,0,0,0,3,248,187,80,33,551,551
CHHATTISGARH,2003,Service (Government),0,10,27,17,0,54,0,1,2,0,0,3,57
CHHATTISGARH,2003,Service (Private),0,36,39,27,3,105,0,7,5,3,0,15,120
CHHATTISGARH,2003,Public Sector Undertaking,0,6,14,6,0,26,0,0,0,0,0,0,26
CHHATTISGARH,2003,Student,31,88,6,0,0,125,19,61,0,0,0,80,205
CHHATTISGARH,2003,Unemployed,7,85,56,12,0,160,1,12,7,4,0,24,184
CHHATTISGARH,2003,Self-employed (Business activity),0,15,21,12,4,52,0,4,1,0,0,5,57
CHHATTISGARH,2003,Professional Activity,1,32,43,19,2,97,0,13,14,3,1,31,128
CHHATTISGARH,2003,Farming/Agriculture Activity,11,230,309,220,89,859,28,104,55,17,3,207,1066
CHHATTISGARH,2003,Others (Please Specify),29,143,145,123,46,486,13,57,35,24,10,139,625
CHHATTISGARH,2003,Retired Person,0,0,1,1,2,4,0,0,0,0,0,0,4
CHHATTISGARH,2003,Others (Please Specify),24,201,217,117,65,624,42,115,67,30,18,272,896
CHHATTISGARH,2003,Total,103,846,878,554,211,2592,106,622,373,161,65,1327,3919
CHHATTISGARH,2003,Total Salaried,0,52,80,50,3,185,0,8,7,3,0,18,203
CHHATTISGARH,2003,Total Self-employed,41,420,518,374,141,1494,41,178,105,44,14,382,1876
GOA,2003,House Wife,0,0,0,0,0,0,0,27,12,8,2,49,49
GOA,2003,Service (Government),0,0,6,1,0,7,0,0,1,0,0,1,8
GOA,2003,Service (Private),0,15,32,15,0,62,0,7,2,1,0,10,72
GOA,2003,Public Sector Undertaking,0,0,1,0,0,1,0,0,0,0,0,0,1
GOA,2003,Student,0,11,1,0,0,12,3,4,0,0,0,7,19
GOA,2003,Unemployed,0,17,26,2,2,47,0,10,1,0,0,11,58
GOA,2003,Self-employed (Business activity),0,6,7,3,0,16,0,0,1,1,0,2,18
GOA,2003,Professional Activity,0,1,1,0,0,2,0,0,1,0,0,1,3
GOA,2003,Farming/Agriculture Activity,0,1,3,9,4,17,0,0,0,1,0,1,18
GOA,2003,Others (Please Specify),0,1,8,7,1,17,0,0,0,0,1,1,18
GOA,2003,Retired Person,0,0,0,0,0,0,0,0,0,0,0,0,0
GOA,2003,Others (Please Specify),0,9,11,5,7,32,1,3,0,0,0,4,36
GOA,2003,Total,0,61,96,42,14,213,4,51,18,11,3,87,300
GOA,2003,Total Salaried,0,15,39,16,0,70,0,7,3,1,0,11,81
GOA,2003,Total Self-employed,0,9,19,19,5,52,0,0,2,2,1,5,57
GUJARAT,2003,House Wife,0,0,0,0,0,0,1,608,466,202,97,1374,1374
GUJARAT,2003,Service (Government),0,21,33,15,2,71,0,1,4,0,0,5,76
GUJARAT,2003,Service (Private),0,120,144,56,6,326,0,34,18,3,0,55,381
GUJARAT,2003,Public Sector Undertaking,0,8,18,11,0,37,0,7,3,0,0,10,47
GUJARAT,2003,Student,12,77,2,0,0,91,21,73,1,1,0,96,187
GUJARAT,2003,Unemployed,0,176,153,64,12,405,3,30,16,6,1,56,461
GUJARAT,2003,Self-employed (Business activity),0,59,98,50,18,225,0,3,0,0,0,3,228
GUJARAT,2003,Professional Activity,0,143,135,81,17,376,0,8,1,0,5,14,390
GUJARAT,2003,Farming/Agriculture Activity,0,149,169,121,30,469,0,46,33,24,9,112,581
GUJARAT,2003,Others (Please Specify),2,113,172,72,10,369,11,37,16,7,7,78,447
GUJARAT,2003,Retired Person,0,5,6,17,57,85,0,2,3,4,29,38,123
GUJARAT,2003,Others (Please Specify),8,60,66,36,26,196,7,24,20,13,11,75,271
GUJARAT,2003,Total,22,931,996,523,178,2650,43,873,581,260,159,1916,4566
GUJARAT,2003,Total Salaried,0,149,195,82,8,434,0,42,25,3,0,70,504
GUJARAT,2003,Total Self-employed,2,464,574,324,75,1439,11,94,50,31,21,207,1646
HARYANA,2003,House Wife,0,0,0,0,0,0,0,173,107,29,12,321,321
HARYANA,2003,Service (Government),0,20,28,20,0,68,0,5,4,1,0,10,78
HARYANA,2003,Service (Private),6,68,90,25,1,190,0,26,8,2,0,36,226
HARYANA,2003,Public Sector Undertaking,0,17,33,4,0,54,0,10,6,1,0,17,71
HARYANA,2003,Student,5,69,12,0,0,86,10,28,1,0,0,39,125
HARYANA,2003,Unemployed,2,89,65,25,3,184,1,17,7,3,0,28,212
HARYANA,2003,Self-employed (Business activity),0,7,55,50,23,135,0,1,0,0,0,1,136
HARYANA,2003,Professional Activity,0,11,13,9,0,33,0,0,0,0,0,0,33
HARYANA,2003,Farming/Agriculture Activity,1,59,66,51,15,192,0,5,6,4,0,15,207
HARYANA,2003,Others (Please Specify),4,120,25,26,12,187,6,24,25,13,5,73,260
HARYANA,2003,Retired Person,0,0,0,10,13,23,0,0,0,4,3,7,30
HARYANA,2003,Others (Please Specify),16,116,215,78,36,461,8,25,21,9,4,67,528
HARYANA,2003,Total,34,576,602,298,103,1613,25,314,185,66,24,614,2227
HARYANA,2003,Total Salaried,6,105,151,49,1,312,0,41,18,4,0,63,375
HARYANA,2003,Total Self-employed,5,197,159,136,50,547,6,30,31,17,5,89,636
HIMACHAL PRADESH,2003,House Wife,0,0,0,0,0,0,0,37,25,10,0,72,72
HIMACHAL PRADESH,2003,Service (Government),0,1,8,5,0,14,0,0,1,1,0,2,16
HIMACHAL PRADESH,2003,Service (Private),0,8,12,9,1,30,0,1,1,0,0,2,32
HIMACHAL PRADESH,2003,Public Sector Undertaking,0,0,2,0,0,2,0,0,0,0,0,0,2
HIMACHAL PRADESH,2003,Student,2,9,0,0,0,11,4,15,0,0,0,19,30
HIMACHAL PRADESH,2003,Unemployed,0,24,15,0,2,41,0,1,0,0,0,1,42
HIMACHAL PRADESH,2003,Self-employed (Business activity),0,0,5,6,2,13,0,0,0,0,0,0,13
HIMACHAL PRADESH,2003,Professional Activity,0,1,0,0,1,2,0,0,0,0,0,0,2
HIMACHAL PRADESH,2003,Farming/Agriculture Activity,0,5,13,10,1,29,0,2,3,0,0,5,34
HIMACHAL PRADESH,2003,Others (Please Specify),0,7,14,17,4,42,1,3,1,1,0,6,48
HIMACHAL PRADESH,2003,Retired Person,0,0,0,0,1,1,0,0,0,0,0,0,1
HIMACHAL PRADESH,2003,Others (Please Specify),0,23,12,16,4,55,0,13,15,9,2,39,94
HIMACHAL PRADESH,2003,Total,2,78,81,63,16,240,5,72,46,21,2,146,386
HIMACHAL PRADESH,2003,Total Salaried,0,9,22,14,1,46,0,1,2,1,0,4,50
HIMACHAL PRADESH,2003,Total Self-employed,0,13,32,33,8,86,1,5,4,1,0,11,97
JAMMU & KASHMIR,2003,House Wife,0,0,0,0,0,0,1,26,12,0,2,41,41
JAMMU & KASHMIR,2003,Service (Government),0,2,3,0,0,5,0,0,0,0,0,0,5
JAMMU & KASHMIR,2003,Service (Private),0,0,0,0,0,0,0,0,0,0,0,0,0
JAMMU & KASHMIR,2003,Public Sector Undertaking,0,0,0,0,0,0,0,0,0,0,0,0,0
JAMMU & KASHMIR,2003,Student,0,2,0,0,0,2,0,2,0,0,0,2,4
JAMMU & KASHMIR,2003,Unemployed,0,3,1,0,0,4,0,0,0,0,0,0,4
JAMMU & KASHMIR,2003,Self-employed (Business activity),0,0,0,0,0,0,0,0,0,0,0,0,0
JAMMU & KASHMIR,2003,Professional Activity,0,0,0,0,0,0,0,0,0,0,0,0,0
JAMMU & KASHMIR,2003,Farming/Agriculture Activity,0,4,0,1,0,5,1,0,2,0,0,3,8
JAMMU & KASHMIR,2003,Others (Please Specify),0,2,2,1,0,5,0,2,0,0,0,2,7
JAMMU & KASHMIR,2003,Retired Person,0,0,0,0,0,0,0,0,0,0,0,0,0
JAMMU & KASHMIR,2003,Others (Please Specify),1,17,13,7,4,42,3,13,7,3,1,27,69
JAMMU & KASHMIR,2003,Total,1,30,19,9,4,63,5,43,21,3,3,75,138
JAMMU & KASHMIR,2003,Total Salaried,0,2,3,0,0,5,0,0,0,0,0,0,5
JAMMU & KASHMIR,2003,Total Self-employed,0,6,2,2,0,10,1,2,2,0,0,5,15
JHARKHAND,2003,House Wife,0,0,0,0,0,0,0,28,25,10,0,63,63
JHARKHAND,2003,Service (Government),0,0,0,0,0,0,0,0,0,0,0,0,0
JHARKHAND,2003,Service (Private),0,0,4,1,0,5,0,0,3,0,0,3,8
JHARKHAND,2003,Public Sector Undertaking,0,0,2,1,0,3,0,0,2,1,0,3,6
JHARKHAND,2003,Student,3,4,0,0,0,7,0,3,0,0,0,3,10
JHARKHAND,2003,Unemployed,0,8,8,11,0,27,0,1,1,0,0,2,29
JHARKHAND,2003,Self-employed (Business activity),0,0,2,1,0,3,0,0,1,0,0,1,4
JHARKHAND,2003,Professional Activity,0,4,1,2,2,9,0,0,0,0,0,0,9
JHARKHAND,2003,Farming/Agriculture Activity,0,4,14,3,0,21,0,0,0,0,0,0,21
JHARKHAND,2003,Others (Please Specify),0,18,10,6,0,34,0,10,0,2,0,12,46
JHARKHAND,2003,Retired Person,0,2,0,0,0,2,0,0,0,0,0,0,2
JHARKHAND,2003,Others (Please Specify),6,5,11,11,9,42,4,5,8,15,0,32,74
JHARKHAND,2003,Total,9,45,52,36,11,153,4,47,40,28,0,119,272
JHARKHAND,2003,Total Salaried,0,0,6,2,0,8,0,0,5,1,0,6,14
JHARKHAND,2003,Total Self-employed,0,26,27,12,2,67,0,10,1,2,0,13,80
KARNATAKA,2003,House Wife,0,0,0,0,0,0,6,703,658,309,188,1864,1864
KARNATAKA,2003,Service (Government),0,40,75,81,2,198,0,14,11,0,0,25,223
KARNATAKA,2003,Service (Private),5,194,266,161,62,688,0,71,51,34,8,164,852
KARNATAKA,2003,Public Sector Undertaking,0,57,91,56,8,212,2,17,6,8,1,34,246
KARNATAKA,2003,Student,54,154,16,2,1,227,62,127,4,2,0,195,422
KARNATAKA,2003,Unemployed,12,235,207,132,64,650,3,63,26,8,7,107,757
KARNATAKA,2003,Self-employed (Business activity),10,127,212,150,45,544,6,5,4,3,2,20,564
KARNATAKA,2003,Professional Activity,0,44,60,26,6,136,0,2,4,2,0,8,144
KARNATAKA,2003,Farming/Agriculture Activity,8,593,809,642,274,2326,21,119,107,85,20,352,2678
KARNATAKA,2003,Others (Please Specify),20,625,775,475,216,2111,28,258,208,90,46,630,2741
KARNATAKA,2003,Retired Person,0,0,0,9,37,46,0,0,0,0,6,6,52
KARNATAKA,2003,Others (Please Specify),33,357,384,268,195,1237,26,252,202,70,31,581,1818
KARNATAKA,2003,Total,142,2426,2895,2002,910,8375,154,1631,1281,611,309,3986,12361
KARNATAKA,2003,Total Salaried,5,291,432,298,72,1098,2,102,68,42,9,223,1321
KARNATAKA,2003,Total Self-employed,38,1389,1856,1293,541,5117,55,384,323,180,68,1010,6127
KERALA,2003,House Wife,0,0,0,0,0,0,0,294,467,373,297,1431,1431
KERALA,2003,Service (Government),0,4,35,47,0,86,0,7,5,7,0,19,105
KERALA,2003,Service (Private),0,54,142,105,24,325,0,16,17,5,3,41,366
KERALA,2003,Public Sector Undertaking,0,8,22,32,1,63,0,8,0,4,0,12,75
KERALA,2003,Student,43,109,8,0,0,160,33,109,12,0,0,154,314
KERALA,2003,Unemployed,0,249,195,207,232,883,1,118,28,24,45,216,1099
KERALA,2003,Self-employed (Business activity),0,51,133,141,64,389,0,4,3,0,0,7,396
KERALA,2003,Professional Activity,0,26,65,46,12,149,0,3,2,1,0,6,155
KERALA,2003,Farming/Agriculture Activity,0,141,407,600,372,1520,0,18,15,17,13,63,1583
KERALA,2003,Others (Please Specify),3,390,723,721,469,2306,4,156,78,101,78,417,2723
KERALA,2003,Retired Person,0,0,3,29,44,76,0,0,0,4,3,7,83
KERALA,2003,Others (Please Specify),4,168,299,288,219,978,11,41,20,8,50,130,1108
KERALA,2003,Total,50,1200,2032,2216,1437,6935,49,774,647,544,489,2503,9438
KERALA,2003,Total Salaried,0,66,199,184,25,474,0,31,22,16,3,72,546
KERALA,2003,Total Self-employed,3,608,1328,1508,917,4364,4,181,98,119,91,493,4857
MADHYA PRADESH,2003,House Wife,0,0,0,0,0,0,1,1185,576,188,79,2029,2029
MADHYA PRADESH,2003,Service (Government),0,88,88,27,1,204,1,34,22,5,0,62,266
MADHYA PRADESH,2003,Service (Private),0,148,125,43,9,325,0,51,21,2,0,74,399
MADHYA PRADESH,2003,Public Sector Undertaking,0,60,57,15,3,135,1,15,2,5,0,23,158
MADHYA PRADESH,2003,Student,46,136,2,0,0,184,40,98,0,0,0,138,322
MADHYA PRADESH,2003,Unemployed,0,119,68,19,13,219,0,5,7,0,0,12,231
MADHYA PRADESH,2003,Self-employed (Business activity),0,86,81,43,33,243,0,17,15,8,10,50,293
MADHYA PRADESH,2003,Professional Activity,0,52,68,46,23,189,0,5,8,4,5,22,211
MADHYA PRADESH,2003,Farming/Agriculture Activity,4,402,431,177,89,1103,6,183,115,29,9,342,1445
MADHYA PRADESH,2003,Others (Please Specify),27,175,201,108,53,564,26,268,82,27,19,422,986
MADHYA PRADESH,2003,Retired Person,0,0,0,0,23,23,0,0,0,0,0,0,23
MADHYA PRADESH,2003,Others (Please Specify),17,113,93,88,38,349,14,18,12,3,3,50,399
MADHYA PRADESH,2003,Total,94,1379,1214,566,285,3538,89,1879,860,271,125,3224,6762
MADHYA PRADESH,2003,Total Salaried,0,296,270,85,13,664,2,100,45,12,0,159,823
MADHYA PRADESH,2003,Total Self-employed,31,715,781,374,198,2099,32,473,220,68,43,836,2935
MAHARASHTRA,2003,House Wife,0,0,0,0,0,0,0,1701,1206,410,205,3522,3522
MAHARASHTRA,2003,Service (Government),0,43,126,77,0,246,0,14,13,3,0,30,276
MAHARASHTRA,2003,Service (Private),0,419,683,297,33,1432,0,86,72,13,0,171,1603
MAHARASHTRA,2003,Public Sector Undertaking,0,24,58,36,0,118,0,9,5,3,0,17,135
MAHARASHTRA,2003,Student,81,408,10,0,0,499,81,290,4,0,0,375,874
MAHARASHTRA,2003,Unemployed,1,414,350,105,17,887,1,42,25,13,0,81,968
MAHARASHTRA,2003,Self-employed (Business activity),0,152,223,122,22,519,0,11,11,4,0,26,545
MAHARASHTRA,2003,Professional Activity,0,74,116,62,18,270,0,10,4,1,1,16,286
MAHARASHTRA,2003,Farming/Agriculture Activity,8,899,1310,812,352,3381,4,202,148,73,28,455,3836
MAHARASHTRA,2003,Others (Please Specify),9,592,831,546,228,2206,6,117,62,37,17,239,2445
MAHARASHTRA,2003,Retired Person,0,0,1,33,110,144,0,0,0,0,6,6,150
MAHARASHTRA,2003,Others (Please Specify),0,41,39,16,12,108,0,4,2,4,2,12,120
MAHARASHTRA,2003,Total,99,3066,3747,2106,792,9810,92,2486,1552,561,259,4950,14760
MAHARASHTRA,2003,Total Salaried,0,486,867,410,33,1796,0,109,90,19,0,218,2014
MAHARASHTRA,2003,Total Self-employed,17,1717,2480,1542,620,6376,10,340,225,115,46,736,7112
MANIPUR,2003,House Wife,0,0,0,0,0,0,0,1,0,0,1,2,2
MANIPUR,2003,Service (Government),0,0,2,2,0,4,0,0,0,0,0,0,4
MANIPUR,2003,Service (Private),0,0,0,0,0,0,0,0,0,0,0,0,0
MANIPUR,2003,Public Sector Undertaking,0,0,0,0,0,0,0,0,0,0,0,0,0
MANIPUR,2003,Student,0,9,0,0,0,9,0,3,0,0,0,3,12
MANIPUR,2003,Unemployed,0,0,0,0,0,0,0,0,0,0,0,0,0
MANIPUR,2003,Self-employed (Business activity),0,0,4,0,0,4,0,0,0,0,0,0,4
MANIPUR,2003,Professional Activity,0,0,0,0,0,0,0,0,0,0,0,0,0
MANIPUR,2003,Farming/Agriculture Activity,0,0,0,1,3,4,0,0,0,0,0,0,4
MANIPUR,2003,Others (Please Specify),0,0,0,0,0,0,0,0,0,0,0,0,0
MANIPUR,2003,Retired Person,0,0,0,0,0,0,0,0,0,0,0,0,0
MANIPUR,2003,Others (Please Specify),0,0,0,0,0,0,0,0,0,0,0,0,0
MANIPUR,2003,Total,0,9,6,3,3,21,0,4,0,0,1,5,26
MANIPUR,2003,Total Salaried,0,0,2,2,0,4,0,0,0,0,0,0,4
MANIPUR,2003,Total Self-employed,0,0,4,1,3,8,0,0,0,0,0,0,8
MEGHALAYA,2003,House Wife,0,0,0,0,0,0,0,0,0,0,1,1,1
MEGHALAYA,2003,Service (Government),0,1,2,1,0,4,0,0,0,0,0,0,4
MEGHALAYA,2003,Service (Private),0,2,3,1,0,6,0,0,0,0,0,0,6
MEGHALAYA,2003,Public Sector Undertaking,0,0,0,0,0,0,0,0,0,0,0,0,0
MEGHALAYA,2003,Student,2,0,0,0,0,2,1,0,0,0,0,1,3
MEGHALAYA,2003,Unemployed,0,2,4,0,0,6,0,0,0,0,0,0,6
MEGHALAYA,2003,Self-employed (Business activity),0,0,0,0,0,0,0,1,0,0,0,1,1
MEGHALAYA,2003,Professional Activity,0,0,0,0,0,0,0,0,0,0,0,0,0
MEGHALAYA,2003,Farming/Agriculture Activity,0,0,0,3,1,4,0,0,0,0,0,0,4
MEGHALAYA,2003,Others (Please Specify),1,2,5,2,0,10,0,4,2,0,0,6,16
MEGHALAYA,2003,Retired Person,0,0,0,0,0,0,0,0,0,0,0,0,0
MEGHALAYA,2003,Others (Please Specify),0,0,0,0,0,0,0,0,0,0,0,0,0
MEGHALAYA,2003,Total,3,7,14,7,1,32,1,5,2,0,1,9,41
MEGHALAYA,2003,Total Salaried,0,3,5,2,0,10,0,0,0,0,0,0,10
MEGHALAYA,2003,Total Self-employed,1,2,5,5,1,14,0,5,2,0,0,7,21
MIZORAM,2003,House Wife,0,0,0,0,0,0,0,0,0,0,0,0,0
MIZORAM,2003,Service (Government),0,1,2,1,0,4,0,0,0,0,0,0,4
MIZORAM,2003,Service (Private),0,4,1,0,0,5,0,0,0,0,0,0,5
MIZORAM,2003,Public Sector Undertaking,0,0,0,0,0,0,0,0,0,0,0,0,0
MIZORAM,2003,Student,0,1,0,0,0,1,0,0,0,0,0,0,1
MIZORAM,2003,Unemployed,0,4,5,0,0,9,0,0,0,0,0,0,9
MIZORAM,2003,Self-employed (Business activity),0,1,0,2,0,3,0,0,0,0,0,0,3
MIZORAM,2003,Professional Activity,0,0,0,0,0,0,0,0,0,0,0,0,0
MIZORAM,2003,Farming/Agriculture Activity,0,0,0,0,0,0,0,0,0,0,0,0,0
MIZORAM,2003,Others (Please Specify),1,5,7,2,0,15,0,2,7,1,0,10,25
MIZORAM,2003,Retired Person,0,0,0,0,0,0,0,0,0,0,0,0,0
MIZORAM,2003,Others (Please Specify),0,2,1,1,0,4,0,1,0,0,0,1,5
MIZORAM,2003,Total,1,18,16,6,0,41,0,3,7,1,0,11,52
MIZORAM,2003,Total Salaried,0,5,3,1,0,9,0,0,0,0,0,0,9
MIZORAM,2003,Total Self-employed,1,6,7,4,0,18,0,2,7,1,0,10,28
NAGALAND,2003,House Wife,0,0,0,0,0,0,0,4,0,0,0,4,4
NAGALAND,2003,Service (Government),0,0,7,0,0,7,0,0,0,0,0,0,7
NAGALAND,2003,Service (Private),0,0,0,0,0,0,0,0,0,0,0,0,0
NAGALAND,2003,Public Sector Undertaking,0,0,0,0,0,0,0,0,0,0,0,0,0
NAGALAND,2003,Student,0,1,0,0,0,1,0,1,0,0,0,1,2
NAGALAND,2003,Unemployed,0,3,1,0,0,4,0,0,0,0,0,0,4
NAGALAND,2003,Self-employed (Business activity),0,0,1,0,0,1,0,0,0,0,0,0,1
NAGALAND,2003,Professional Activity,0,0,0,0,0,0,0,0,0,0,0,0,0
NAGALAND,2003,Farming/Agriculture Activity,0,0,0,0,0,0,0,0,0,0,0,0,0
NAGALAND,2003,Others (Please Specify),0,1,0,0,0,1,0,0,0,0,0,0,1
NAGALAND,2003,Retired Person,0,0,0,0,0,0,0,0,0,0,0,0,0
NAGALAND,2003,Others (Please Specify),0,1,2,0,0,3,0,0,0,0,0,0,3
NAGALAND,2003,Total,0,6,11,0,0,17,0,5,0,0,0,5,22
NAGALAND,2003,Total Salaried,0,0,7,0,0,7,0,0,0,0,0,0,7
NAGALAND,2003,Total Self-employed,0,1,1,0,0,2,0,0,0,0,0,0,2
ODISHA,2003,House Wife,0,0,0,0,0,0,0,306,205,110,26,647,647
ODISHA,2003,Service (Government),1,20,17,24,0,62,0,43,36,12,0,91,153
ODISHA,2003,Service (Private),5,149,102,107,14,377,0,30,30,21,3,84,461
ODISHA,2003,Public Sector Undertaking,0,21,29,56,0,106,0,10,4,0,0,14,120
ODISHA,2003,Student,16,101,17,13,0,147,22,86,3,1,0,112,259
ODISHA,2003,Unemployed,0,145,116,33,3,297,2,75,47,8,0,132,429
ODISHA,2003,Self-employed (Business activity),0,65,69,48,2,184,1,15,8,6,0,30,214
ODISHA,2003,Professional Activity,0,26,17,12,0,55,0,6,9,7,0,22,77
ODISHA,2003,Farming/Agriculture Activity,1,101,136,69,17,324,0,21,10,10,0,41,365
ODISHA,2003,Others (Please Specify),16,204,270,214,70,774,6,128,76,62,27,299,1073
ODISHA,2003,Retired Person,0,3,1,0,37,41,0,0,4,4,1,9,50
ODISHA,2003,Others (Please Specify),28,91,135,85,34,373,15,82,51,40,11,199,572
ODISHA,2003,Total,67,926,909,661,177,2740,46,802,483,281,68,1680,4420
ODISHA,2003,Total Salaried,6,190,148,187,14,545,0,83,70,33,3,189,734
ODISHA,2003,Total Self-employed,17,396,492,343,89,1337,7,170,103,85,27,392,1729
PUNJAB,2003,House Wife,0,0,0,0,0,0,0,33,34,5,2,74,74
PUNJAB,2003,Service (Government),0,3,4,3,0,10,0,0,1,1,0,2,12
PUNJAB,2003,Service (Private),0,16,13,2,3,34,0,2,2,0,1,5,39
PUNJAB,2003,Public Sector Undertaking,0,0,2,0,0,2,0,0,0,0,0,0,2
PUNJAB,2003,Student,0,13,1,0,0,14,3,6,0,0,0,9,23
PUNJAB,2003,Unemployed,0,26,17,11,1,55,1,1,1,0,0,3,58
PUNJAB,2003,Self-employed (Business activity),0,19,13,13,1,46,0,1,0,0,0,1,47
PUNJAB,2003,Professional Activity,0,1,1,0,0,2,0,0,0,0,0,0,2
PUNJAB,2003,Farming/Agriculture Activity,0,11,8,6,0,25,0,0,0,1,0,1,26
PUNJAB,2003,Others (Please Specify),2,39,43,31,4,119,0,2,2,0,0,4,123
PUNJAB,2003,Retired Person,0,0,0,1,6,7,0,0,0,0,0,0,7
PUNJAB,2003,Others (Please Specify),1,86,54,25,26,192,1,11,10,3,1,26,218
PUNJAB,2003,Total,3,214,156,92,41,506,5,56,50,10,4,125,631
PUNJAB,2003,Total Salaried,0,19,19,5,3,46,0,2,3,1,1,7,53
PUNJAB,2003,Total Self-employed,2,70,65,50,5,192,0,3,2,1,0,6,198
RAJASTHAN,2003,House Wife,0,0,0,0,0,0,2,417,336,137,46,938,938
RAJASTHAN,2003,Service (Government),0,3,25,14,0,42,0,2,1,0,0,3,45
RAJASTHAN,2003,Service (Private),0,63,124,61,10,258,0,14,11,2,0,27,285
RAJASTHAN,2003,Public Sector Undertaking,0,22,35,16,0,73,0,11,6,1,0,18,91
RAJASTHAN,2003,Student,24,110,4,0,0,138,13,51,3,0,0,67,205
RAJASTHAN,2003,Unemployed,0,70,66,22,0,158,0,3,0,0,0,3,161
RAJASTHAN,2003,Self-employed (Business activity),0,33,72,30,5,140,0,0,0,0,0,0,140
RAJASTHAN,2003,Professional Activity,0,12,22,10,2,46,0,0,0,0,0,0,46
RAJASTHAN,2003,Farming/Agriculture Activity,0,195,218,111,38,562,0,34,27,12,1,74,636
RAJASTHAN,2003,Others (Please Specify),11,185,190,123,90,599,8,41,16,5,3,73,672
RAJASTHAN,2003,Retired Person,0,0,0,10,8,18,0,0,0,0,0,0,18
RAJASTHAN,2003,Others (Please Specify),31,131,123,53,17,355,13,28,10,11,7,69,424
RAJASTHAN,2003,Total,66,824,879,450,170,2389,36,601,410,168,57,1272,3661
RAJASTHAN,2003,Total Salaried,0,88,184,91,10,373,0,27,18,3,0,48,421
RAJASTHAN,2003,Total Self-employed,11,425,502,274,135,1347,8,75,43,17,4,147,1494
SIKKIM,2003,House Wife,0,0,0,0,0,0,0,7,5,4,5,21,21
SIKKIM,2003,Service (Government),0,0,3,2,1,6,0,0,3,0,0,3,9
SIKKIM,2003,Service (Private),0,4,2,4,3,13,0,0,0,0,0,0,13
SIKKIM,2003,Public Sector Undertaking,0,0,0,0,0,0,0,0,0,0,0,0,0
SIKKIM,2003,Student,1,7,0,0,1,9,0,1,0,0,0,1,10
SIKKIM,2003,Unemployed,0,6,5,0,1,12,0,1,0,0,0,1,13
SIKKIM,2003,Self-employed (Business activity),0,0,3,0,0,3,0,0,0,0,0,0,3
SIKKIM,2003,Professional Activity,0,0,0,0,0,0,0,0,0,0,0,0,0
SIKKIM,2003,Farming/Agriculture Activity,0,8,3,4,5,20,0,0,0,7,4,11,31
SIKKIM,2003,Others (Please Specify),0,0,0,4,1,5,0,0,0,0,0,0,5
SIKKIM,2003,Retired Person,0,0,0,0,0,0,0,0,0,0,0,0,0
SIKKIM,2003,Others (Please Specify),0,0,0,0,0,0,0,0,0,0,0,0,0
SIKKIM,2003,Total,1,25,16,14,12,68,0,9,8,11,9,37,105
SIKKIM,2003,Total Salaried,0,4,5,6,4,19,0,0,3,0,0,3,22
SIKKIM,2003,Total Self-employed,0,8,6,8,6,28,0,0,0,7,4,11,39
TAMIL NADU,2003,House Wife,0,0,0,0,0,0,0,779,777,409,103,2068,2068
TAMIL NADU,2003,Service (Government),0,36,74,74,5,189,0,31,22,24,0,77,266
TAMIL NADU,2003,Service (Private),0,208,321,223,42,794,0,179,155,93,10,437,1231
TAMIL NADU,2003,Public Sector Undertaking,0,78,141,78,11,308,0,32,44,24,1,101,409
TAMIL NADU,2003,Student,60,170,17,0,0,247,79,136,4,0,0,219,466
TAMIL NADU,2003,Unemployed,11,490,524,298,145,1468,7,200,147,123,29,506,1974
TAMIL NADU,2003,Self-employed (Business activity),1,155,258,240,46,700,0,38,38,23,7,106,806
TAMIL NADU,2003,Professional Activity,0,127,159,95,36,417,0,20,23,33,3,79,496
TAMIL NADU,2003,Farming/Agriculture Activity,1,244,300,200,87,832,5,101,71,27,16,220,1052
TAMIL NADU,2003,Others (Please Specify),24,325,461,415,157,1382,25,110,118,74,50,377,1759
TAMIL NADU,2003,Retired Person,0,0,0,15,52,67,0,0,0,4,13,17,84
TAMIL NADU,2003,Others (Please Specify),40,132,263,203,112,750,50,118,178,92,73,511,1261
TAMIL NADU,2003,Total,137,1965,2518,1841,693,7154,166,1744,1577,926,305,4718,11872
TAMIL NADU,2003,Total Salaried,0,322,536,375,58,1291,0,242,221,141,11,615,1906
TAMIL NADU,2003,Total Self-employed,26,851,1178,950,326,3331,30,269,250,157,76,782,4113
TRIPURA,2003,House Wife,0,0,0,0,0,0,0,52,51,17,0,120,120
TRIPURA,2003,Service (Government),0,12,4,3,0,19,0,3,3,3,0,9,28
TRIPURA,2003,Service (Private),0,14,6,3,0,23,0,2,2,0,0,4,27
TRIPURA,2003,Public Sector Undertaking,0,17,11,7,0,35,0,4,4,2,0,10,45
TRIPURA,2003,Student,7,59,70,21,0,157,2,29,31,11,0,73,230
TRIPURA,2003,Unemployed,0,74,85,49,0,208,3,35,40,24,0,102,310
TRIPURA,2003,Self-employed (Business activity),0,4,2,1,0,7,0,4,3,2,0,9,16
TRIPURA,2003,Professional Activity,0,0,0,1,0,1,0,3,2,1,0,6,7
TRIPURA,2003,Farming/Agriculture Activity,0,0,0,0,0,0,0,2,1,1,0,4,4
TRIPURA,2003,Others (Please Specify),0,11,7,4,0,22,0,4,4,0,0,8,30
TRIPURA,2003,Retired Person,0,0,0,0,4,4,0,0,0,0,4,4,8
TRIPURA,2003,Others (Please Specify),0,7,3,2,0,12,3,2,1,1,0,7,19
TRIPURA,2003,Total,7,198,188,91,4,488,8,140,142,62,4,356,844
TRIPURA,2003,Total Salaried,0,43,21,13,0,77,0,9,9,5,0,23,100
TRIPURA,2003,Total Self-employed,0,15,9,6,0,30,0,13,10,4,0,27,57
UTTAR PRADESH,2003,House Wife,0,0,0,0,0,0,2,548,310,159,54,1073,1073
UTTAR PRADESH,2003,Service (Government),0,19,15,9,0,43,0,6,10,1,0,17,60
UTTAR PRADESH,2003,Service (Private),4,23,93,46,7,173,0,36,26,11,2,75,248
UTTAR PRADESH,2003,Public Sector Undertaking,1,9,28,12,7,57,0,4,1,0,0,5,62
UTTAR PRADESH,2003,Student,24,93,0,1,0,118,27,64,7,0,0,98,216
UTTAR PRADESH,2003,Unemployed,3,195,141,42,11,392,3,35,16,7,1,62,454
UTTAR PRADESH,2003,Self-employed (Business activity),0,48,57,31,8,144,0,5,4,8,2,19,163
UTTAR PRADESH,2003,Professional Activity,1,34,44,18,9,106,0,7,3,1,0,11,117
UTTAR PRADESH,2003,Farming/Agriculture Activity,0,129,132,56,24,341,0,23,16,3,4,46,387
UTTAR PRADESH,2003,Others (Please Specify),24,94,96,80,44,338,17,44,28,31,26,146,484
UTTAR PRADESH,2003,Retired Person,0,0,5,10,14,29,0,7,0,1,1,9,38
UTTAR PRADESH,2003,Others (Please Specify),25,119,11,58,33,246,25,73,9,1,7,115,361
UTTAR PRADESH,2003,Total,82,763,622,363,157,1987,74,852,430,223,97,1676,3663
UTTAR PRADESH,2003,Total Salaried,5,51,136,67,14,273,0,46,37,12,2,97,370
UTTAR PRADESH,2003,Total Self-employed,25,305,329,185,85,929,17,79,51,43,32,222,1151
UTTARAKHAND,2003,House Wife,0,0,0,0,0,0,0,49,21,10,1,81,81
UTTARAKHAND,2003,Service (Government),0,4,6,4,0,14,0,1,0,0,0,1,15
UTTARAKHAND,2003,Service (Private),0,19,29,12,0,60,0,12,3,0,0,15,75
UTTARAKHAND,2003,Public Sector Undertaking,0,1,1,0,0,2,0,0,4,1,0,5,7
UTTARAKHAND,2003,Student,0,9,0,0,0,9,1,7,0,0,0,8,17
UTTARAKHAND,2003,Unemployed,0,30,15,10,0,55,0,0,0,0,0,0,55
UTTARAKHAND,2003,Self-employed (Business activity),0,4,4,3,0,11,0,0,0,0,0,0,11
UTTARAKHAND,2003,Professional Activity,0,5,2,2,0,9,0,0,1,0,0,1,10
UTTARAKHAND,2003,Farming/Agriculture Activity,0,14,14,10,1,39,0,1,1,0,0,2,41
UTTARAKHAND,2003,Others (Please Specify),0,16,16,12,3,47,0,4,1,3,1,9,56
UTTARAKHAND,2003,Retired Person,0,0,0,1,0,1,0,0,0,0,0,0,1
UTTARAKHAND,2003,Others (Please Specify),0,9,4,1,1,15,2,3,1,0,1,7,22
UTTARAKHAND,2003,Total,0,111,91,55,5,262,3,77,32,14,3,129,391
UTTARAKHAND,2003,Total Salaried,0,24,36,16,0,76,0,13,7,1,0,21,97
UTTARAKHAND,2003,Total Self-employed,0,39,36,27,4,106,0,5,3,3,1,12,118
WEST BENGAL,2003,House Wife,0,0,0,0,0,0,0,1402,1414,980,287,4083,4083
WEST BENGAL,2003,Service (Government),0,74,76,52,0,202,0,7,12,9,0,28,230
WEST BENGAL,2003,Service (Private),0,221,290,226,0,737,0,26,47,22,0,95,832
WEST BENGAL,2003,Public Sector Undertaking,0,322,255,369,0,946,0,79,44,18,0,141,1087
WEST BENGAL,2003,Student,41,418,79,0,0,538,61,413,99,0,0,573,1111
WEST BENGAL,2003,Unemployed,0,392,356,9,0,757,0,87,64,0,0,151,908
WEST BENGAL,2003,Self-employed (Business activity),0,217,329,322,74,942,0,35,22,11,0,68,1010
WEST BENGAL,2003,Professional Activity,0,92,121,140,15,368,0,9,6,5,1,21,389
WEST BENGAL,2003,Farming/Agriculture Activity,0,201,394,260,65,920,0,51,48,16,1,116,1036
WEST BENGAL,2003,Others (Please Specify),2,255,274,226,111,868,4,80,123,103,53,363,1231
WEST BENGAL,2003,Retired Person,0,0,0,0,241,241,0,0,0,0,7,7,248
WEST BENGAL,2003,Others (Please Specify),18,204,444,166,73,905,33,93,16,27,41,210,1115
WEST BENGAL,2003,Total,61,2396,2618,1770,579,7424,98,2282,1895,1191,390,5856,13280
WEST BENGAL,2003,Total Salaried,0,617,621,647,0,1885,0,112,103,49,0,264,2149
WEST BENGAL,2003,Total Self-employed,2,765,1118,948,265,3098,4,175,199,135,55,568,3666
TOTAL (STATES),2003,House Wife,0,0,0,0,0,0,22,9849,7711,3767,1546,22895,22895
TOTAL (STATES),2003,Service (Government),1,481,768,567,22,1839,1,181,175,71,0,428,2267
TOTAL (STATES),2003,Service (Private),22,1914,2723,1562,228,6449,2,640,521,235,32,1430,7879
TOTAL (STATES),2003,Public Sector Undertaking,1,706,872,752,47,2378,3,242,157,80,5,487,2865
TOTAL (STATES),2003,Student,561,2425,288,37,2,3313,582,1839,171,15,0,2607,5920
TOTAL (STATES),2003,Unemployed,50,3142,2924,1222,508,7846,36,821,480,235,84,1656,9502
TOTAL (STATES),2003,Self-employed (Business activity),13,1204,1973,1557,397,5144,16,188,162,95,26,487,5631
TOTAL (STATES),2003,Professional Activity,5,805,1072,665,163,2710,1,93,101,60,16,271,2981
TOTAL (STATES),2003,Farming/Agriculture Activity,49,3779,5398,3782,1638,14646,71,1024,823,423,120,2461,17107
TOTAL (STATES),2003,Others (Please Specify),221,3947,4949,3576,1654,14347,202,1588,1001,658,385,3834,18181
TOTAL (STATES),2003,Retired Person,0,10,32,162,692,896,0,9,10,54,89,162,1058
TOTAL (STATES),2003,Others (Please Specify),329,2774,3190,2017,1027,9337,338,1236,857,455,313,3199,12536
TOTAL (STATES),2003,Total,1252,21187,24189,15899,6378,68905,1274,17710,12169,6148,2616,39917,108822
TOTAL (STATES),2003,Total Salaried,24,3101,4363,2881,297,10666,6,1063,853,386,37,2345,13011
TOTAL (STATES),2003,Total Self-employed,288,9735,13392,9580,3852,36847,290,2893,2087,1236,547,7053,43900
A & N ISLANDS,2003,House Wife,0,0,0,0,0,0,0,17,8,2,1,28,28
A & N ISLANDS,2003,Service (Government),0,0,7,6,1,14,0,1,0,0,0,1,15
A & N ISLANDS,2003,Service (Private),0,17,13,10,2,42,0,0,0,0,0,0,42
A & N ISLANDS,2003,Public Sector Undertaking,0,1,2,0,0,3,0,0,0,0,0,0,3
A & N ISLANDS,2003,Student,1,1,0,0,0,2,4,4,0,0,0,8,10
A & N ISLANDS,2003,Unemployed,0,3,1,0,2,6,0,6,0,0,0,6,12
A & N ISLANDS,2003,Self-employed (Business activity),0,0,0,0,0,0,0,0,0,0,0,0,0
A & N ISLANDS,2003,Professional Activity,0,0,0,0,0,0,0,0,0,0,0,0,0
A & N ISLANDS,2003,Farming/Agriculture Activity,0,1,0,0,0,1,0,0,0,0,0,0,1
A & N ISLANDS,2003,Others (Please Specify),0,0,0,0,0,0,0,0,0,0,0,0,0
A & N ISLANDS,2003,Retired Person,0,0,0,1,1,2,0,0,0,0,0,0,2
A & N ISLANDS,2003,Others (Please Specify),0,0,0,0,0,0,0,0,0,0,0,0,0
A & N ISLANDS,2003,Total,1,23,23,17,6,70,4,28,8,2,1,43,113
A & N ISLANDS,2003,Total Salaried,0,18,22,16,3,59,0,1,0,0,0,1,60
A & N ISLANDS,2003,Total Self-employed,0,1,0,0,0,1,0,0,0,0,0,0,1
CHANDIGARH,2003,House Wife,0,0,0,0,0,0,0,11,7,2,2,22,22
CHANDIGARH,2003,Service (Government),0,2,6,1,0,9,0,0,0,0,0,0,9
CHANDIGARH,2003,Service (Private),0,9,11,3,1,24,0,1,0,0,0,1,25
CHANDIGARH,2003,Public Sector Undertaking,0,0,0,0,0,0,0,0,0,0,0,0,0
CHANDIGARH,2003,Student,0,4,0,0,0,4,1,7,0,0,0,8,12
CHANDIGARH,2003,Unemployed,0,9,3,0,0,12,0,2,1,0,0,3,15
CHANDIGARH,2003,Self-employed (Business activity),0,0,0,0,0,0,0,0,0,0,0,0,0
CHANDIGARH,2003,Professional Activity,0,1,1,0,0,2,0,0,0,0,0,0,2
CHANDIGARH,2003,Farming/Agriculture Activity,0,1,0,1,0,2,0,0,0,0,0,0,2
CHANDIGARH,2003,Others (Please Specify),0,0,0,0,0,0,0,0,0,0,0,0,0
CHANDIGARH,2003,Retired Person,0,0,0,1,1,2,0,0,0,0,0,0,2
CHANDIGARH,2003,Others (Please Specify),0,4,6,2,1,13,0,1,0,0,0,1,14
CHANDIGARH,2003,Total,0,30,27,8,3,68,1,22,8,2,2,35,103
CHANDIGARH,2003,Total Salaried,0,11,17,4,1,33,0,1,0,0,0,1,34
CHANDIGARH,2003,Total Self-employed,0,2,1,1,0,4,0,0,0,0,0,0,4
D & N HAVELI,2003,House Wife,0,0,0,0,0,0,0,5,7,9,0,21,21
D & N HAVELI,2003,Service (Government),0,0,1,0,0,1,0,0,0,0,0,0,1
D & N HAVELI,2003,Service (Private),0,0,4,0,0,4,0,0,0,0,0,0,4
D & N HAVELI,2003,Public Sector Undertaking,0,0,0,0,0,0,0,0,0,0,0,0,0
D & N HAVELI,2003,Student,1,0,0,0,0,1,0,1,0,0,0,1,2
D & N HAVELI,2003,Unemployed,0,0,0,0,0,0,0,0,0,0,0,0,0
D & N HAVELI,2003,Self-employed (Business activity),0,0,0,0,0,0,0,0,0,0,0,0,0
D & N HAVELI,2003,Professional Activity,0,0,0,0,0,0,0,0,0,0,0,0,0
D & N HAVELI,2003,Farming/Agriculture Activity,0,8,3,7,5,23,0,0,0,0,0,0,23
D & N HAVELI,2003,Others (Please Specify),0,0,0,0,0,0,0,0,0,0,0,0,0
D & N HAVELI,2003,Retired Person,0,0,0,0,0,0,0,0,0,0,0,0,0
D & N HAVELI,2003,Others (Please Specify),1,0,0,0,0,1,0,0,0,0,0,0,1
D & N HAVELI,2003,Total,2,8,8,7,5,30,0,6,7,9,0,22,52
D & N HAVELI,2003,Total Salaried,0,0,5,0,0,5,0,0,0,0,0,0,5
D & N HAVELI,2003,Total Self-employed,0,8,3,7,5,23,0,0,0,0,0,0,23
DAMAN & DIU,2003,House Wife,0,0,0,0,0,0,0,2,2,1,0,5,5
DAMAN & DIU,2003,Service (Government),0,0,0,0,0,0,0,0,0,0,0,0,0
DAMAN & DIU,2003,Service (Private),0,1,3,0,0,4,0,0,0,0,0,0,4
DAMAN & DIU,2003,Public Sector Undertaking,0,0,0,0,0,0,0,0,0,0,0,0,0
DAMAN & DIU,2003,Student,0,0,0,0,0,0,0,0,0,0,0,0,0
DAMAN & DIU,2003,Unemployed,0,1,2,0,0,3,0,0,0,0,0,0,3
DAMAN & DIU,2003,Self-employed (Business activity),0,1,0,0,0,1,0,0,0,0,0,0,1
DAMAN & DIU,2003,Professional Activity,0,0,1,0,0,1,0,0,0,0,0,0,1
DAMAN & DIU,2003,Farming/Agriculture Activity,0,0,0,0,0,0,0,0,0,0,0,0,0
DAMAN & DIU,2003,Others (Please Specify),0,1,1,1,0,3,0,0,0,0,0,0,3
DAMAN & DIU,2003,Retired Person,0,0,0,0,0,0,0,0,0,0,0,0,0
DAMAN & DIU,2003,Others (Please Specify),1,3,1,1,0,6,0,1,0,0,0,1,7
DAMAN & DIU,2003,Total,1,7,8,2,0,18,0,3,2,1,0,6,24
DAMAN & DIU,2003,Total Salaried,0,1,3,0,0,4,0,0,0,0,0,0,4
DAMAN & DIU,2003,Total Self-employed,0,2,2,1,0,5,0,0,0,0,0,0,5
DELHI (UT),2003,House Wife,0,0,0,0,0,0,0,115,77,26,3,221,221
DELHI (UT),2003,Service (Government),0,7,8,3,0,18,0,8,2,3,0,13,31
DELHI (UT),2003,Service (Private),0,46,46,14,2,108,0,13,7,0,0,20,128
DELHI (UT),2003,Public Sector Undertaking,0,2,6,2,0,10,0,1,0,0,0,1,11
DELHI (UT),2003,Student,9,43,0,0,0,52,12,50,3,0,0,65,117
DELHI (UT),2003,Unemployed,1,119,99,19,15,253,2,19,10,10,0,41,294
DELHI (UT),2003,Self-employed (Business activity),0,5,15,4,1,25,0,0,0,0,0,0,25
DELHI (UT),2003,Professional Activity,0,4,2,1,0,7,0,0,0,0,0,0,7
DELHI (UT),2003,Farming/Agriculture Activity,0,4,2,2,0,8,0,0,0,0,0,0,8
DELHI (UT),2003,Others (Please Specify),2,40,56,28,4,130,1,19,7,0,0,27,157
DELHI (UT),2003,Retired Person,0,0,0,0,0,0,0,0,0,0,0,0,0
DELHI (UT),2003,Others (Please Specify),6,58,44,17,5,130,4,10,6,2,2,24,154
DELHI (UT),2003,Total,18,328,278,90,27,741,19,235,112,41,5,412,1153
DELHI (UT),2003,Total Salaried,0,55,60,19,2,136,0,22,9,3,0,34,170
DELHI (UT),2003,Total Self-employed,2,53,75,35,5,170,1,19,7,0,0,27,197
LAKSHADWEEP,2003,House Wife,0,0,0,0,0,0,0,1,0,0,0,1,1
LAKSHADWEEP,2003,Service (Government),0,0,0,0,0,0,0,0,0,0,0,0,0
LAKSHADWEEP,2003,Service (Private),0,0,0,0,0,0,0,0,0,0,0,0,0
LAKSHADWEEP,2003,Public Sector Undertaking,0,0,0,0,0,0,0,0,0,0,0,0,0
LAKSHADWEEP,2003,Student,0,0,0,0,0,0,0,0,0,0,0,0,0
LAKSHADWEEP,2003,Unemployed,0,0,0,0,0,0,0,0,0,0,0,0,0
LAKSHADWEEP,2003,Self-employed (Business activity),0,0,0,0,0,0,0,0,0,0,0,0,0
LAKSHADWEEP,2003,Professional Activity,0,0,0,0,0,0,0,0,0,0,0,0,0
LAKSHADWEEP,2003,Farming/Agriculture Activity,0,0,0,0,0,0,0,0,0,0,0,0,0
LAKSHADWEEP,2003,Others (Please Specify),0,0,0,0,0,0,0,0,0,0,0,0,0
LAKSHADWEEP,2003,Retired Person,0,0,0,0,0,0,0,0,0,0,0,0,0
LAKSHADWEEP,2003,Others (Please Specify),0,0,0,0,1,1,0,0,0,0,0,0,1
LAKSHADWEEP,2003,Total,0,0,0,0,1,1,0,1,0,0,0,1,2
LAKSHADWEEP,2003,Total Salaried,0,0,0,0,0,0,0,0,0,0,0,0,0
LAKSHADWEEP,2003,Total Self-employed,0,0,0,0,0,0,0,0,0,0,0,0,0
PUDUCHERRY,2003,House Wife,0,0,0,0,0,0,0,49,28,14,17,108,108
PUDUCHERRY,2003,Service (Government),0,1,3,4,0,8,0,1,1,0,0,2,10
PUDUCHERRY,2003,Service (Private),0,9,5,2,1,17,0,10,0,0,0,10,27
PUDUCHERRY,2003,Public Sector Undertaking,0,1,5,4,1,11,0,0,0,0,0,0,11
PUDUCHERRY,2003,Student,3,12,0,0,0,15,0,15,0,0,0,15,30
PUDUCHERRY,2003,Unemployed,0,18,10,9,8,45,0,40,1,0,1,42,87
PUDUCHERRY,2003,Self-employed (Business activity),0,4,8,4,4,20,0,1,0,0,0,1,21
PUDUCHERRY,2003,Professional Activity,1,21,33,17,1,73,0,1,0,0,0,1,74
PUDUCHERRY,2003,Farming/Agriculture Activity,0,1,10,7,3,21,0,2,0,0,0,2,23
PUDUCHERRY,2003,Others (Please Specify),0,47,72,38,17,174,0,7,2,4,0,13,187
PUDUCHERRY,2003,Retired Person,0,0,0,0,0,0,0,0,0,0,0,0,0
PUDUCHERRY,2003,Others (Please Specify),0,0,0,3,1,4,0,0,0,0,0,0,4
PUDUCHERRY,2003,Total,4,114,146,88,36,388,0,126,32,18,18,194,582
PUDUCHERRY,2003,Total Salaried,0,11,13,10,2,36,0,11,1,0,0,12,48
PUDUCHERRY,2003,Total Self-employed,1,73,123,66,25,288,0,11,2,4,0,17,305
TOTAL (UTs),2003,House Wife,0,0,0,0,0,0,0,200,129,54,23,406,406
TOTAL (UTs),2003,Service (Government),0,10,25,14,1,50,0,10,3,3,0,16,66
TOTAL (UTs),2003,Service (Private),0,82,82,29,6,199,0,24,7,0,0,31,230
TOTAL (UTs),2003,Public Sector Undertaking,0,4,13,6,1,24,0,1,0,0,0,1,25
TOTAL (UTs),2003,Student,14,60,0,0,0,74,17,77,3,0,0,97,171
TOTAL (UTs),2003,Unemployed,1,150,115,28,25,319,2,67,12,10,1,92,411
TOTAL (UTs),2003,Self-employed (Business activity),0,10,23,8,5,46,0,1,0,0,0,1,47
TOTAL (UTs),2003,Professional Activity,1,26,37,18,1,83,0,1,0,0,0,1,84
TOTAL (UTs),2003,Farming/Agriculture Activity,0,15,15,17,8,55,0,2,0,0,0,2,57
TOTAL (UTs),2003,Others (Please Specify),2,88,129,67,21,307,1,26,9,4,0,40,347
TOTAL (UTs),2003,Retired Person,0,0,0,2,2,4,0,0,0,0,0,0,4
TOTAL (UTs),2003,Others (Please Specify),8,65,51,23,8,155,4,12,6,2,2,26,181
TOTAL (UTs),2003,Total,26,510,490,212,78,1316,24,421,169,73,26,713,2029
TOTAL (UTs),2003,Total Salaried,0,96,120,49,8,273,0,35,10,3,0,48,321
TOTAL (UTs),2003,Total Self-employed,3,139,204,110,35,491,1,30,9,4,0,44,535
TOTAL (ALL INDIA),2003,House Wife,0,0,0,0,0,0,22,10049,7840,3821,1569,23301,23301
TOTAL (ALL INDIA),2003,Service (Government),1,491,793,581,23,1889,1,191,178,74,0,444,2333
TOTAL (ALL INDIA),2003,Service (Private),22,1996,2805,1591,234,6648,2,664,528,235,32,1461,8109
TOTAL (ALL INDIA),2003,Public Sector Undertaking,1,710,885,758,48,2402,3,243,157,80,5,488,2890
TOTAL (ALL INDIA),2003,Student,575,2485,288,37,2,3387,599,1916,174,15,0,2704,6091
TOTAL (ALL INDIA),2003,Unemployed,51,3292,3039,1250,533,8165,38,888,492,245,85,1748,9913
TOTAL (ALL INDIA),2003,Self-employed (Business activity),13,1214,1996,1565,402,5190,16,189,162,95,26,488,5678
TOTAL (ALL INDIA),2003,Professional Activity,6,831,1109,683,164,2793,1,94,101,60,16,272,3065
TOTAL (ALL INDIA),2003,Farming/Agriculture Activity,49,3794,5413,3799,1646,14701,71,1026,823,423,120,2463,17164
TOTAL (ALL INDIA),2003,Others (Please Specify),223,4035,5078,3643,1675,14654,203,1614,1010,662,385,3874,18528
TOTAL (ALL INDIA),2003,Retired Person,0,10,32,164,694,900,0,9,10,54,89,162,1062
TOTAL (ALL INDIA),2003,Others (Please Specify),337,2839,3241,2040,1035,9492,342,1248,863,457,315,3225,12717
TOTAL (ALL INDIA),2003,Total,1278,21697,24679,16111,6456,70221,1298,18131,12338,6221,2642,40630,110851
TOTAL (ALL INDIA),2003,Total Salaried,24,3197,4483,2930,305,10939,6,1098,863,389,37,2393,13332
TOTAL (ALL INDIA),2003,Total Self-employed,291,9874,13596,9690,3887,37338,291,2923,2096,1240,547,7097,44435
