STATE/UT,Year,CAUSE,Male upto 14 years,Male 15-29 years,Male 30-44 years,Male 45-59 years,Male 60 years and above,Total Male,Female upto 14 years,Female 15-29 years,Female 30-44 years,Female 45-59 years,Female 60 years and above,Total Female,Grand Total
ANDHRA PRADESH,2001,House Wife,0,0,0,0,0,0,0,1132,811,397,104,2444,2444
ANDHRA PRADESH,2001,Service (Government),0,34,57,44,0,135,0,23,22,9,7,61,196
ANDHRA PRADESH,2001,Service (Private),1,250,275,138,10,674,5,43,24,28,6,106,780
ANDHRA PRADESH,2001,Public Sector Undertaking,0,32,36,29,13,110,0,4,5,1,0,10,120
ANDHRA PRADESH,2001,Student,56,202,19,18,0,295,46,115,5,9,0,175,470
ANDHRA PRADESH,2001,Unemployed,1,230,206,94,12,543,1,57,12,8,0,78,621
ANDHRA PRADESH,2001,Self-employed (Business activity),25,107,223,117,14,486,20,24,22,4,12,82,568
ANDHRA PRADESH,2001,Professional Activity,13,118,157,80,22,390,5,22,4,10,0,41,431
ANDHRA PRADESH,2001,Farming/Agriculture Activity,16,382,480,374,79,1331,12,65,46,45,10,178,1509
ANDHRA PRADESH,2001,Others (Please Specify),29,299,358,264,79,1029,38,212,154,78,16,498,1527
ANDHRA PRADESH,2001,Retired Person,0,0,1,4,16,21,0,0,2,0,3,5,26
ANDHRA PRADESH,2001,Others (Please Specify),32,404,401,404,124,1365,58,174,91,108,34,465,1830
ANDHRA PRADESH,2001,Total,173,2058,2213,1566,369,6379,185,1871,1198,697,192,4143,10522
ANDHRA PRADESH,2001,Total Salaried,1,316,368,211,23,919,5,70,51,38,13,177,1096
ANDHRA PRADESH,2001,Total Self-employed,83,906,1218,835,194,3236,75,323,226,137,38,799,4035
ARUNACHAL PRADESH,2001,House Wife,0,0,0,0,0,0,0,9,5,1,0,15,15
ARUNACHAL PRADESH,2001,Service (Government),0,5,7,2,0,14,0,0,0,0,0,0,14
ARUNACHAL PRADESH,2001,Service (Private),0,12,19,1,0,32,0,5,4,0,0,9,41
ARUNACHAL PRADESH,2001,Public Sector Undertaking,0,0,0,0,0,0,0,0,0,0,0,0,0
ARUNACHAL PRADESH,2001,Student,0,2,0,0,0,2,2,4,0,0,0,6,8
ARUNACHAL PRADESH,2001,Unemployed,0,2,1,0,0,3,0,0,0,0,0,0,3
ARUNACHAL PRADESH,2001,Self-employed (Business activity),0,2,6,3,1,12,0,0,0,0,0,0,12
ARUNACHAL PRADESH,2001,Professional Activity,0,0,0,0,0,0,0,0,0,0,0,0,0
ARUNACHAL PRADESH,2001,Farming/Agriculture Activity,2,1,5,4,0,12,0,5,0,0,0,5,17
ARUNACHAL PRADESH,2001,Others (Please Specify),0,0,0,0,0,0,0,0,0,0,0,0,0
ARUNACHAL PRADESH,2001,Retired Person,0,0,0,1,0,1,0,0,0,0,0,0,1
ARUNACHAL PRADESH,2001,Others (Please Specify),0,0,0,0,0,0,0,0,0,0,0,0,0
ARUNACHAL PRADESH,2001,Total,2,24,38,11,1,76,2,23,9,1,0,35,111
ARUNACHAL PRADESH,2001,Total Salaried,0,17,26,3,0,46,0,5,4,0,0,9,55
ARUNACHAL PRADESH,2001,Total Self-employed,2,3,11,7,1,24,0,5,0,0,0,5,29
ASSAM,2001,House Wife,0,0,0,0,0,0,0,158,161,68,7,394,394
ASSAM,2001,Service (Government),0,7,25,13,0,45,0,0,2,0,0,2,47
ASSAM,2001,Service (Private),0,46,49,32,4,131,0,13,12,3,0,28,159
ASSAM,2001,Public Sector Undertaking,0,39,28,17,0,84,0,0,2,0,0,2,86
ASSAM,2001,Student,29,86,6,0,0,121,9,55,6,0,0,70,191
ASSAM,2001,Unemployed,0,108,124,59,5,296,0,21,14,3,0,38,334
ASSAM,2001,Self-employed (Business activity),0,59,85,45,10,199,0,12,5,7,0,24,223
ASSAM,2001,Professional Activity,0,16,36,15,0,67,0,1,0,0,0,1,68
ASSAM,2001,Farming/Agriculture Activity,0,30,62,43,9,144,0,7,6,9,1,23,167
ASSAM,2001,Others (Please Specify),1,129,173,123,11,437,5,76,36,12,1,130,567
ASSAM,2001,Retired Person,0,0,0,2,4,6,0,0,0,0,0,0,6
ASSAM,2001,Others (Please Specify),5,100,114,69,18,306,5,40,30,17,7,99,405
ASSAM,2001,Total,35,620,702,418,61,1836,19,383,274,119,16,811,2647
ASSAM,2001,Total Salaried,0,92,102,62,4,260,0,13,16,3,0,32,292
ASSAM,2001,Total Self-employed,1,234,356,226,30,847,5,96,47,28,2,178,1025
BIHAR,2001,House Wife,0,0,0,0,0,0,0,62,62,13,3,140,140
BIHAR,2001,Service (Government),0,1,4,0,0,5,0,1,0,0,0,1,6
BIHAR,2001,Service (Private),0,11,3,0,1,15,0,3,0,0,0,3,18
BIHAR,2001,Public Sector Undertaking,0,0,1,0,0,1,0,0,0,0,0,0,1
BIHAR,2001,Student,3,34,2,0,0,39,6,17,2,0,0,25,64
BIHAR,2001,Unemployed,1,13,6,1,1,22,2,10,2,2,0,16,38
BIHAR,2001,Self-employed (Business activity),0,2,12,0,0,14,1,0,0,0,0,1,15
BIHAR,2001,Professional Activity,0,2,1,0,0,3,0,0,0,0,0,0,3
BIHAR,2001,Farming/Agriculture Activity,0,19,23,12,1,55,0,4,1,1,0,6,61
BIHAR,2001,Others (Please Specify),3,22,7,1,1,34,0,7,7,0,0,14,48
BIHAR,2001,Retired Person,0,0,0,0,2,2,0,0,0,0,0,0,2
BIHAR,2001,Others (Please Specify),1,27,62,17,10,117,5,49,20,11,5,90,207
BIHAR,2001,Total,8,131,121,31,16,307,14,153,94,27,8,296,603
BIHAR,2001,Total Salaried,0,12,8,0,1,21,0,4,0,0,0,4,25
BIHAR,2001,Total Self-employed,3,45,43,13,2,106,1,11,8,1,0,21,127
CHHATTISGARH,2001,House Wife,0,0,0,0,0,0,3,301,202,74,26,606,606
CHHATTISGARH,2001,Service (Government),0,11,36,15,1,63,0,4,2,1,0,7,70
CHHATTISGARH,2001,Service (Private),0,47,81,33,6,167,1,6,2,1,0,10,177
CHHATTISGARH,2001,Public Sector Undertaking,0,9,31,16,3,59,0,2,3,1,0,6,65
CHHATTISGARH,2001,Student,17,100,17,0,0,134,23,69,3,0,0,95,229
CHHATTISGARH,2001,Unemployed,0,100,69,17,7,193,0,19,6,0,0,25,218
CHHATTISGARH,2001,Self-employed (Business activity),1,21,30,9,5,66,0,2,0,0,0,2,68
CHHATTISGARH,2001,Professional Activity,0,12,14,4,2,32,0,2,2,0,0,4,36
CHHATTISGARH,2001,Farming/Agriculture Activity,8,286,429,302,173,1198,5,81,92,51,25,254,1452
CHHATTISGARH,2001,Others (Please Specify),10,133,142,106,53,444,6,74,61,45,26,212,656
CHHATTISGARH,2001,Retired Person,0,8,3,0,2,13,0,0,0,0,0,0,13
CHHATTISGARH,2001,Others (Please Specify),8,65,103,61,34,271,11,74,45,20,14,164,435
CHHATTISGARH,2001,Total,44,792,955,563,286,2640,49,634,418,193,91,1385,4025
CHHATTISGARH,2001,Total Salaried,0,67,148,64,10,289,1,12,7,3,0,23,312
CHHATTISGARH,2001,Total Self-employed,19,452,615,421,233,1740,11,159,155,96,51,472,2212
GOA,2001,House Wife,0,0,0,0,0,0,0,11,24,6,14,55,55
GOA,2001,Service (Government),0,0,2,2,0,4,0,0,1,0,1,2,6
GOA,2001,Service (Private),0,11,29,6,0,46,0,5,1,0,0,6,52
GOA,2001,Public Sector Undertaking,0,0,0,0,0,0,0,0,0,0,0,0,0
GOA,2001,Student,0,4,0,0,0,4,3,6,0,0,0,9,13
GOA,2001,Unemployed,0,17,21,3,3,44,0,6,4,0,0,10,54
GOA,2001,Self-employed (Business activity),0,1,2,6,1,10,0,0,0,0,0,0,10
GOA,2001,Professional Activity,0,0,2,0,0,2,0,0,0,0,0,0,2
GOA,2001,Farming/Agriculture Activity,0,1,4,9,4,18,0,0,0,0,0,0,18
GOA,2001,Others (Please Specify),0,4,5,2,0,11,0,2,0,0,2,4,15
GOA,2001,Retired Person,0,0,0,0,3,3,0,0,0,0,0,0,3
GOA,2001,Others (Please Specify),0,5,8,7,5,25,0,0,2,0,1,3,28
GOA,2001,Total,0,43,73,35,16,167,3,30,32,6,18,89,256
GOA,2001,Total Salaried,0,11,31,8,0,50,0,5,2,0,1,8,58
GOA,2001,Total Self-employed,0,6,13,17,5,41,0,2,0,0,2,4,45
GUJARAT,2001,House Wife,0,0,0,0,0,0,15,736,534,199,84,1568,1568
GUJARAT,2001,Service (Government),0,12,26,24,0,62,0,3,5,0,0,8,70
GUJARAT,2001,Service (Private),0,145,169,45,6,365,0,18,14,7,0,39,404
GUJARAT,2001,Public Sector Undertaking,0,22,47,21,2,92,0,8,4,3,0,15,107
GUJARAT,2001,Student,19,109,6,0,0,134,28,101,1,0,0,130,264
GUJARAT,2001,Unemployed,5,210,137,66,8,426,6,27,28,10,0,71,497
GUJARAT,2001,Self-employed (Business activity),6,67,116,58,8,255,0,0,1,0,0,1,256
GUJARAT,2001,Professional Activity,0,98,127,86,14,325,0,18,5,2,2,27,352
GUJARAT,2001,Farming/Agriculture Activity,1,188,213,84,31,517,2,34,30,7,4,77,594
GUJARAT,2001,Others (Please Specify),4,114,144,46,14,322,4,57,22,13,10,106,428
GUJARAT,2001,Retired Person,0,0,0,13,43,56,0,0,0,5,38,43,99
GUJARAT,2001,Others (Please Specify),5,37,34,9,10,95,3,28,13,11,2,57,152
GUJARAT,2001,Total,40,1002,1019,452,136,2649,58,1030,657,257,140,2142,4791
GUJARAT,2001,Total Salaried,0,179,242,90,8,519,0,29,23,10,0,62,581
GUJARAT,2001,Total Self-employed,11,467,600,274,67,1419,6,109,58,22,16,211,1630
HARYANA,2001,House Wife,0,0,0,0,0,0,0,167,104,15,11,297,297
HARYANA,2001,Service (Government),0,25,32,16,0,73,0,0,13,8,0,21,94
HARYANA,2001,Service (Private),0,40,45,13,0,98,0,24,15,6,2,47,145
HARYANA,2001,Public Sector Undertaking,0,33,29,4,0,66,0,14,13,1,0,28,94
HARYANA,2001,Student,15,64,8,0,0,87,7,29,2,3,0,41,128
HARYANA,2001,Unemployed,13,117,52,42,3,227,7,26,18,9,0,60,287
HARYANA,2001,Self-employed (Business activity),0,28,16,12,1,57,0,0,0,0,0,0,57
HARYANA,2001,Professional Activity,0,17,33,12,2,64,0,0,1,0,0,1,65
HARYANA,2001,Farming/Agriculture Activity,0,50,43,27,13,133,0,6,3,3,0,12,145
HARYANA,2001,Others (Please Specify),0,27,51,14,11,103,0,4,17,3,4,28,131
HARYANA,2001,Retired Person,0,0,0,1,17,18,0,0,0,0,4,4,22
HARYANA,2001,Others (Please Specify),6,118,190,95,29,438,6,52,34,8,4,104,542
HARYANA,2001,Total,34,519,499,236,76,1364,20,322,220,56,25,643,2007
HARYANA,2001,Total Salaried,0,98,106,33,0,237,0,38,41,15,2,96,333
HARYANA,2001,Total Self-employed,0,122,143,65,27,357,0,10,21,6,4,41,398
HIMACHAL PRADESH,2001,House Wife,0,0,0,0,0,0,0,44,26,12,2,84,84
HIMACHAL PRADESH,2001,Service (Government),0,0,5,3,0,8,0,2,1,0,0,3,11
HIMACHAL PRADESH,2001,Service (Private),0,6,9,8,1,24,0,0,0,0,0,0,24
HIMACHAL PRADESH,2001,Public Sector Undertaking,0,0,3,4,0,7,0,0,0,0,0,0,7
HIMACHAL PRADESH,2001,Student,0,8,0,0,0,8,2,9,0,0,0,11,19
HIMACHAL PRADESH,2001,Unemployed,0,18,9,4,0,31,0,6,1,0,0,7,38
HIMACHAL PRADESH,2001,Self-employed (Business activity),0,4,5,0,0,9,0,0,0,0,0,0,9
HIMACHAL PRADESH,2001,Professional Activity,0,0,2,0,0,2,0,0,1,0,0,1,3
HIMACHAL PRADESH,2001,Farming/Agriculture Activity,0,3,9,8,2,22,0,0,0,0,0,0,22
HIMACHAL PRADESH,2001,Others (Please Specify),0,1,6,5,1,13,0,0,6,0,0,6,19
HIMACHAL PRADESH,2001,Retired Person,0,0,0,1,0,1,0,0,0,0,0,0,1
HIMACHAL PRADESH,2001,Others (Please Specify),1,14,16,16,5,52,1,9,3,2,3,18,70
HIMACHAL PRADESH,2001,Total,1,54,64,49,9,177,3,70,38,14,5,130,307
HIMACHAL PRADESH,2001,Total Salaried,0,6,17,15,1,39,0,2,1,0,0,3,42
HIMACHAL PRADESH,2001,Total Self-employed,0,8,22,13,3,46,0,0,7,0,0,7,53
JAMMU & KASHMIR,2001,House Wife,0,0,0,0,0,0,0,18,13,4,1,36,36
JAMMU & KASHMIR,2001,Service (Government),0,1,7,1,0,9,0,0,0,0,0,0,9
JAMMU & KASHMIR,2001,Service (Private),0,0,2,0,0,2,0,0,0,0,0,0,2
JAMMU & KASHMIR,2001,Public Sector Undertaking,0,0,1,0,0,1,0,0,0,0,0,0,1
JAMMU & KASHMIR,2001,Student,0,5,0,0,0,5,0,1,0,0,0,1,6
JAMMU & KASHMIR,2001,Unemployed,0,3,4,4,1,12,0,3,0,0,0,3,15
JAMMU & KASHMIR,2001,Self-employed (Business activity),0,1,1,0,0,2,0,0,0,0,0,0,2
JAMMU & KASHMIR,2001,Professional Activity,2,0,0,0,0,2,0,0,0,0,0,0,2
JAMMU & KASHMIR,2001,Farming/Agriculture Activity,0,5,4,3,0,12,1,0,1,1,0,3,15
JAMMU & KASHMIR,2001,Others (Please Specify),0,3,4,1,0,8,0,4,0,0,0,4,12
JAMMU & KASHMIR,2001,Retired Person,0,0,0,0,0,0,0,0,0,0,0,0,0
JAMMU & KASHMIR,2001,Others (Please Specify),0,11,8,9,10,38,1,5,7,0,2,15,53
JAMMU & KASHMIR,2001,Total,2,29,31,18,11,91,2,31,21,5,3,62,153
JAMMU & KASHMIR,2001,Total Salaried,0,1,10,1,0,12,0,0,0,0,0,0,12
JAMMU & KASHMIR,2001,Total Self-employed,2,9,9,4,0,24,1,4,1,1,0,7,31
JHARKHAND,2001,House Wife,0,0,0,0,0,0,1,29,21,8,0,59,59
JHARKHAND,2001,Service (Government),0,0,0,0,0,0,0,0,0,0,0,0,0
JHARKHAND,2001,Service (Private),0,0,3,1,0,4,0,0,2,0,0,2,6
JHARKHAND,2001,Public Sector Undertaking,0,0,3,0,0,3,0,0,2,0,0,2,5
JHARKHAND,2001,Student,3,3,0,0,0,6,0,1,0,0,0,1,7
JHARKHAND,2001,Unemployed,0,9,7,1,1,18,0,1,0,0,0,1,19
JHARKHAND,2001,Self-employed (Business activity),0,0,1,0,0,1,0,0,0,0,0,0,1
JHARKHAND,2001,Professional Activity,0,3,2,1,0,6,0,0,0,0,0,0,6
JHARKHAND,2001,Farming/Agriculture Activity,0,5,17,5,0,27,0,0,0,0,0,0,27
JHARKHAND,2001,Others (Please Specify),0,18,11,7,0,36,1,12,0,2,0,15,51
JHARKHAND,2001,Retired Person,0,0,0,0,0,0,0,0,0,0,0,0,0
JHARKHAND,2001,Others (Please Specify),1,7,12,11,9,40,3,7,6,13,0,29,69
JHARKHAND,2001,Total,4,45,56,26,10,141,5,50,31,23,0,109,250
JHARKHAND,2001,Total Salaried,0,0,6,1,0,7,0,0,4,0,0,4,11
JHARKHAND,2001,Total Self-employed,0,26,31,13,0,70,1,12,0,2,0,15,85
KARNATAKA,2001,House Wife,0,0,0,0,0,0,10,1008,707,334,138,2197,2197
KARNATAKA,2001,Service (Government),0,35,108,67,1,211,0,23,24,12,0,59,270
KARNATAKA,2001,Service (Private),3,241,352,190,79,865,6,111,40,31,12,200,1065
KARNATAKA,2001,Public Sector Undertaking,0,66,95,60,7,228,0,15,0,0,0,15,243
KARNATAKA,2001,Student,72,230,26,1,0,329,60,120,1,2,0,183,512
KARNATAKA,2001,Unemployed,6,225,207,103,17,558,5,48,23,5,4,85,643
KARNATAKA,2001,Self-employed (Business activity),5,195,221,133,37,591,2,22,7,3,0,34,625
KARNATAKA,2001,Professional Activity,1,69,71,41,13,195,1,6,1,0,0,8,203
KARNATAKA,2001,Farming/Agriculture Activity,25,551,811,579,187,2153,17,138,117,68,12,352,2505
KARNATAKA,2001,Others (Please Specify),48,441,708,484,266,1947,36,201,130,91,59,517,2464
KARNATAKA,2001,Retired Person,0,16,18,16,46,96,0,5,14,11,9,39,135
KARNATAKA,2001,Others (Please Specify),20,173,263,162,80,698,47,120,54,69,31,321,1019
KARNATAKA,2001,Total,180,2242,2880,1836,733,7871,184,1817,1118,626,265,4010,11881
KARNATAKA,2001,Total Salaried,3,342,555,317,87,1304,6,149,64,43,12,274,1578
KARNATAKA,2001,Total Self-employed,79,1256,1811,1237,503,4886,56,367,255,162,71,911,5797
KERALA,2001,House Wife,0,0,0,0,0,0,0,290,475,394,247,1406,1406
KERALA,2001,Service (Government),0,10,53,111,2,176,0,7,15,9,0,31,207
KERALA,2001,Service (Private),0,73,145,139,92,449,0,25,33,24,35,117,566
KERALA,2001,Public Sector Undertaking,0,35,48,63,37,183,0,3,12,10,2,27,210
KERALA,2001,Student,37,90,1,0,0,128,33,119,1,0,0,153,281
KERALA,2001,Unemployed,0,312,550,560,334,1756,3,155,74,41,66,339,2095
KERALA,2001,Self-employed (Business activity),0,56,187,177,55,475,0,7,5,9,1,22,497
KERALA,2001,Professional Activity,0,30,77,74,21,202,0,2,9,8,2,21,223
KERALA,2001,Farming/Agriculture Activity,0,93,325,362,194,974,0,18,17,12,14,61,1035
KERALA,2001,Others (Please Specify),6,270,456,504,299,1535,3,80,64,83,62,292,1827
KERALA,2001,Retired Person,0,1,2,29,67,99,0,0,2,7,11,20,119
KERALA,2001,Others (Please Specify),0,139,263,221,187,810,9,88,91,69,39,296,1106
KERALA,2001,Total,43,1109,2107,2240,1288,6787,48,794,798,666,479,2785,9572
KERALA,2001,Total Salaried,0,118,246,313,131,808,0,35,60,43,37,175,983
KERALA,2001,Total Self-employed,6,449,1045,1117,569,3186,3,107,95,112,79,396,3582
MADHYA PRADESH,2001,House Wife,0,0,0,0,0,0,14,1346,553,201,87,2201,2201
MADHYA PRADESH,2001,Service (Government),0,59,54,40,1,154,0,13,12,3,0,28,182
MADHYA PRADESH,2001,Service (Private),0,142,108,40,4,294,0,48,10,5,0,63,357
MADHYA PRADESH,2001,Public Sector Undertaking,0,43,10,9,0,62,0,36,6,2,0,44,106
MADHYA PRADESH,2001,Student,50,147,11,3,0,211,32,62,0,0,0,94,305
MADHYA PRADESH,2001,Unemployed,2,91,63,23,18,197,2,11,0,0,0,13,210
MADHYA PRADESH,2001,Self-employed (Business activity),0,71,83,40,23,217,0,28,21,11,11,71,288
MADHYA PRADESH,2001,Professional Activity,0,30,64,20,12,126,0,4,8,7,3,22,148
MADHYA PRADESH,2001,Farming/Agriculture Activity,5,397,384,198,94,1078,5,142,95,31,21,294,1372
MADHYA PRADESH,2001,Others (Please Specify),40,230,194,148,85,697,43,105,59,30,14,251,948
MADHYA PRADESH,2001,Retired Person,0,0,0,0,13,13,0,0,0,0,1,1,14
MADHYA PRADESH,2001,Others (Please Specify),33,207,158,49,40,487,19,123,48,28,24,242,729
MADHYA PRADESH,2001,Total,130,1417,1129,570,290,3536,115,1918,812,318,161,3324,6860
MADHYA PRADESH,2001,Total Salaried,0,244,172,89,5,510,0,97,28,10,0,135,645
MADHYA PRADESH,2001,Total Self-employed,45,728,725,406,214,2118,48,279,183,79,49,638,2756
MAHARASHTRA,2001,House Wife,0,0,0,0,0,0,9,1663,1078,394,207,3351,3351
MAHARASHTRA,2001,Service (Government),0,51,111,57,3,222,0,19,15,3,0,37,259
MAHARASHTRA,2001,Service (Private),0,346,561,337,40,1284,0,74,48,21,2,145,1429
MAHARASHTRA,2001,Public Sector Undertaking,0,33,40,38,2,113,0,7,3,1,0,11,124
MAHARASHTRA,2001,Student,81,337,15,0,0,433,78,273,5,0,0,356,789
MAHARASHTRA,2001,Unemployed,0,386,357,162,51,956,0,60,19,17,5,101,1057
MAHARASHTRA,2001,Self-employed (Business activity),0,118,157,108,18,401,0,10,16,11,0,37,438
MAHARASHTRA,2001,Professional Activity,0,62,106,54,22,244,0,6,5,9,4,24,268
MAHARASHTRA,2001,Farming/Agriculture Activity,11,789,1263,643,239,2945,13,278,205,72,23,591,3536
MAHARASHTRA,2001,Others (Please Specify),33,640,984,471,277,2405,27,228,201,81,42,579,2984
MAHARASHTRA,2001,Retired Person,0,0,6,39,125,170,0,0,0,5,7,12,182
MAHARASHTRA,2001,Others (Please Specify),3,43,70,29,20,165,6,15,12,3,0,36,201
MAHARASHTRA,2001,Total,128,2805,3670,1938,797,9338,133,2633,1607,617,290,5280,14618
MAHARASHTRA,2001,Total Salaried,0,430,712,432,45,1619,0,100,66,25,2,193,1812
MAHARASHTRA,2001,Total Self-employed,44,1609,2510,1276,556,5995,40,522,427,173,69,1231,7226
MANIPUR,2001,House Wife,0,0,0,0,0,0,0,3,5,1,0,9,9
MANIPUR,2001,Service (Government),0,0,0,0,0,0,0,0,0,0,0,0,0
MANIPUR,2001,Service (Private),0,0,0,0,0,0,0,0,0,0,0,0,0
MANIPUR,2001,Public Sector Undertaking,0,3,0,0,0,3,0,0,0,0,0,0,3
MANIPUR,2001,Student,1,5,0,0,0,6,0,1,0,0,0,1,7
MANIPUR,2001,Unemployed,0,0,0,2,0,2,0,0,0,0,0,0,2
MANIPUR,2001,Self-employed (Business activity),0,0,0,0,0,0,0,0,0,0,0,0,0
MANIPUR,2001,Professional Activity,0,0,0,0,0,0,0,0,0,0,0,0,0
MANIPUR,2001,Farming/Agriculture Activity,0,0,0,0,0,0,0,0,0,0,0,0,0
MANIPUR,2001,Others (Please Specify),0,0,4,3,1,8,0,3,0,0,0,3,11
MANIPUR,2001,Retired Person,0,0,0,0,0,0,0,0,0,0,0,0,0
MANIPUR,2001,Others (Please Specify),0,4,1,0,0,5,0,4,0,0,0,4,9
MANIPUR,2001,Total,1,12,5,5,1,24,0,11,5,1,0,17,41
MANIPUR,2001,Total Salaried,0,3,0,0,0,3,0,0,0,0,0,0,3
MANIPUR,2001,Total Self-employed,0,0,4,3,1,8,0,3,0,0,0,3,11
MEGHALAYA,2001,House Wife,0,0,0,0,0,0,0,3,1,0,0,4,4
MEGHALAYA,2001,Service (Government),0,1,6,0,1,8,0,1,1,0,0,2,10
MEGHALAYA,2001,Service (Private),0,0,2,0,0,2,0,0,0,0,0,0,2
MEGHALAYA,2001,Public Sector Undertaking,0,0,0,0,0,0,0,0,0,0,0,0,0
MEGHALAYA,2001,Student,1,4,2,0,0,7,0,0,0,0,0,0,7
MEGHALAYA,2001,Unemployed,0,7,3,0,2,12,0,2,0,0,0,2,14
MEGHALAYA,2001,Self-employed (Business activity),0,2,2,0,0,4,0,0,0,0,0,0,4
MEGHALAYA,2001,Professional Activity,0,0,1,1,0,2,0,0,0,0,0,0,2
MEGHALAYA,2001,Farming/Agriculture Activity,0,0,2,0,0,2,0,2,0,0,0,2,4
MEGHALAYA,2001,Others (Please Specify),0,8,14,4,0,26,0,3,0,3,1,7,33
MEGHALAYA,2001,Retired Person,0,0,2,0,1,3,0,0,0,0,1,1,4
MEGHALAYA,2001,Others (Please Specify),0,0,2,0,1,3,0,0,0,0,0,0,3
MEGHALAYA,2001,Total,1,22,36,5,5,69,0,11,2,3,2,18,87
MEGHALAYA,2001,Total Salaried,0,1,8,0,1,10,0,1,1,0,0,2,12
MEGHALAYA,2001,Total Self-employed,0,10,19,5,0,34,0,5,0,3,1,9,43
MIZORAM,2001,House Wife,0,0,0,0,0,0,0,0,0,0,0,0,0
MIZORAM,2001,Service (Government),0,2,1,0,0,3,0,0,0,0,0,0,3
MIZORAM,2001,Service (Private),0,2,0,0,0,2,0,0,0,0,0,0,2
MIZORAM,2001,Public Sector Undertaking,0,0,0,0,0,0,0,0,0,0,0,0,0
MIZORAM,2001,Student,1,11,0,0,0,12,0,1,0,0,0,1,13
MIZORAM,2001,Unemployed,2,2,4,1,0,9,0,2,1,2,0,5,14
MIZORAM,2001,Self-employed (Business activity),0,0,0,0,0,0,0,0,0,0,0,0,0
MIZORAM,2001,Professional Activity,0,0,0,0,0,0,0,0,0,0,0,0,0
MIZORAM,2001,Farming/Agriculture Activity,0,0,0,0,0,0,0,0,0,0,0,0,0
MIZORAM,2001,Others (Please Specify),0,5,0,4,1,10,0,0,1,0,1,2,12
MIZORAM,2001,Retired Person,0,0,0,0,1,1,0,0,0,0,0,0,1
MIZORAM,2001,Others (Please Specify),4,0,5,0,0,9,0,0,0,0,0,0,9
MIZORAM,2001,Total,7,22,10,5,2,46,0,3,2,2,1,8,54
MIZORAM,2001,Total Salaried,0,4,1,0,0,5,0,0,0,0,0,0,5
MIZORAM,2001,Total Self-employed,0,5,0,4,1,10,0,0,1,0,1,2,12
NAGALAND,2001,House Wife,0,0,0,0,0,0,0,2,4,0,0,6,6
NAGALAND,2001,Service (Government),0,1,3,1,0,5,0,0,1,0,0,1,6
NAGALAND,2001,Service (Private),0,1,3,0,0,4,0,1,0,0,0,1,5
NAGALAND,2001,Public Sector Undertaking,0,0,0,0,0,0,0,0,0,0,0,0,0
NAGALAND,2001,Student,0,0,0,0,0,0,0,0,0,1,0,1,1
NAGALAND,2001,Unemployed,0,5,7,1,0,13,0,4,0,2,0,6,19
NAGALAND,2001,Self-employed (Business activity),0,0,2,0,0,2,0,0,0,0,0,0,2
NAGALAND,2001,Professional Activity,0,0,0,0,0,0,0,0,0,0,0,0,0
NAGALAND,2001,Farming/Agriculture Activity,0,0,0,0,0,0,0,0,0,0,0,0,0
NAGALAND,2001,Others (Please Specify),0,0,0,0,0,0,0,0,0,0,0,0,0
NAGALAND,2001,Retired Person,0,0,0,0,0,0,0,0,0,0,0,0,0
NAGALAND,2001,Others (Please Specify),0,1,0,0,0,1,0,0,0,0,0,0,1
NAGALAND,2001,Total,0,8,15,2,0,25,0,7,5,3,0,15,40
NAGALAND,2001,Total Salaried,0,2,6,1,0,9,0,1,1,0,0,2,11
NAGALAND,2001,Total Self-employed,0,0,2,0,0,2,0,0,0,0,0,0,2
ODISHA,2001,House Wife,0,0,0,0,0,0,2,347,330,135,26,840,840
ODISHA,2001,Service (Government),0,23,25,8,0,56,0,13,6,1,0,20,76
ODISHA,2001,Service (Private),0,58,52,32,8,150,0,49,27,7,0,83,233
ODISHA,2001,Public Sector Undertaking,0,16,20,5,0,41,0,13,17,2,2,34,75
ODISHA,2001,Student,24,111,9,0,0,144,27,94,0,1,2,124,268
ODISHA,2001,Unemployed,0,87,100,26,7,220,0,67,33,1,0,101,321
ODISHA,2001,Self-employed (Business activity),0,71,111,104,9,295,0,36,46,20,2,104,399
ODISHA,2001,Professional Activity,0,10,13,6,2,31,0,4,0,0,2,6,37
ODISHA,2001,Farming/Agriculture Activity,0,56,87,47,17,207,0,22,18,8,1,49,256
ODISHA,2001,Others (Please Specify),6,120,182,169,65,542,16,157,144,63,36,416,958
ODISHA,2001,Retired Person,0,2,0,13,11,26,0,0,0,0,2,2,28
ODISHA,2001,Others (Please Specify),6,154,110,82,25,377,17,79,58,22,8,184,561
ODISHA,2001,Total,36,708,709,492,144,2089,62,881,679,260,81,1963,4052
ODISHA,2001,Total Salaried,0,97,97,45,8,247,0,75,50,10,2,137,384
ODISHA,2001,Total Self-employed,6,257,393,326,93,1075,16,219,208,91,41,575,1650
PUNJAB,2001,House Wife,0,0,0,0,0,0,0,55,28,6,9,98,98
PUNJAB,2001,Service (Government),0,5,5,3,1,14,0,3,0,0,0,3,17
PUNJAB,2001,Service (Private),0,17,9,4,2,32,0,3,2,1,0,6,38
PUNJAB,2001,Public Sector Undertaking,0,4,2,1,1,8,0,2,1,0,0,3,11
PUNJAB,2001,Student,0,5,0,0,0,5,0,3,0,0,0,3,8
PUNJAB,2001,Unemployed,0,24,15,3,19,61,0,6,4,0,0,10,71
PUNJAB,2001,Self-employed (Business activity),0,9,0,6,1,16,0,0,0,1,0,1,17
PUNJAB,2001,Professional Activity,1,3,0,1,2,7,0,0,0,0,0,0,7
PUNJAB,2001,Farming/Agriculture Activity,0,14,0,9,19,42,0,3,0,0,0,3,45
PUNJAB,2001,Others (Please Specify),0,17,0,4,4,25,0,2,1,0,0,3,28
PUNJAB,2001,Retired Person,0,0,0,0,6,6,0,0,0,0,0,0,6
PUNJAB,2001,Others (Please Specify),0,31,33,104,12,180,0,72,30,11,9,122,302
PUNJAB,2001,Total,1,129,64,135,67,396,0,149,66,19,18,252,648
PUNJAB,2001,Total Salaried,0,26,16,8,4,54,0,8,3,1,0,12,66
PUNJAB,2001,Total Self-employed,1,43,0,20,26,90,0,5,1,1,0,7,97
RAJASTHAN,2001,House Wife,0,0,0,0,0,0,2,391,265,101,24,783,783
RAJASTHAN,2001,Service (Government),0,14,33,12,0,59,0,2,0,1,0,3,62
RAJASTHAN,2001,Service (Private),0,88,84,36,10,218,0,14,11,2,0,27,245
RAJASTHAN,2001,Public Sector Undertaking,0,24,41,7,0,72,0,4,6,1,0,11,83
RAJASTHAN,2001,Student,34,68,14,5,0,121,30,53,0,0,0,83,204
RAJASTHAN,2001,Unemployed,0,89,70,18,2,179,0,19,2,0,0,21,200
RAJASTHAN,2001,Self-employed (Business activity),0,56,49,29,9,143,0,8,3,0,0,11,154
RAJASTHAN,2001,Professional Activity,1,13,14,11,1,40,0,0,0,0,0,0,40
RAJASTHAN,2001,Farming/Agriculture Activity,1,156,173,78,16,424,1,38,33,5,4,81,505
RAJASTHAN,2001,Others (Please Specify),45,88,127,92,29,381,21,65,28,5,12,131,512
RAJASTHAN,2001,Retired Person,0,0,0,0,8,8,0,0,0,0,0,0,8
RAJASTHAN,2001,Others (Please Specify),5,81,108,75,45,314,7,30,39,7,2,85,399
RAJASTHAN,2001,Total,86,677,713,363,120,1959,61,624,387,122,42,1236,3195
RAJASTHAN,2001,Total Salaried,0,126,158,55,10,349,0,20,17,4,0,41,390
RAJASTHAN,2001,Total Self-employed,47,313,363,210,55,988,22,111,64,10,16,223,1211
SIKKIM,2001,House Wife,0,0,0,0,0,0,0,2,10,0,0,12,12
SIKKIM,2001,Service (Government),0,1,1,0,0,2,0,2,1,0,0,3,5
SIKKIM,2001,Service (Private),0,3,4,0,0,7,0,0,0,0,0,0,7
SIKKIM,2001,Public Sector Undertaking,0,1,0,0,0,1,0,0,0,0,0,0,1
SIKKIM,2001,Student,0,1,0,0,0,1,2,2,0,0,0,4,5
SIKKIM,2001,Unemployed,0,4,3,0,1,8,0,3,1,0,0,4,12
SIKKIM,2001,Self-employed (Business activity),0,0,3,0,0,3,0,0,0,0,0,0,3
SIKKIM,2001,Professional Activity,0,2,6,0,0,8,0,3,4,0,0,7,15
SIKKIM,2001,Farming/Agriculture Activity,0,6,4,4,2,16,0,2,0,0,0,2,18
SIKKIM,2001,Others (Please Specify),0,9,6,1,0,16,0,0,0,0,0,0,16
SIKKIM,2001,Retired Person,0,0,0,0,0,0,0,0,0,0,0,0,0
SIKKIM,2001,Others (Please Specify),0,0,0,0,0,0,0,0,0,0,0,0,0
SIKKIM,2001,Total,0,27,27,5,3,62,2,14,16,0,0,32,94
SIKKIM,2001,Total Salaried,0,5,5,0,0,10,0,2,1,0,0,3,13
SIKKIM,2001,Total Self-employed,0,17,19,5,2,43,0,5,4,0,0,9,52
TAMIL NADU,2001,House Wife,0,0,0,0,0,0,0,822,632,226,75,1755,1755
TAMIL NADU,2001,Service (Government),0,21,63,79,3,166,0,23,33,10,1,67,233
TAMIL NADU,2001,Service (Private),2,221,375,207,45,850,3,89,89,48,5,234,1084
TAMIL NADU,2001,Public Sector Undertaking,0,75,78,50,4,207,0,45,42,9,2,98,305
TAMIL NADU,2001,Student,46,180,10,0,0,236,39,116,7,6,0,168,404
TAMIL NADU,2001,Unemployed,6,333,540,402,49,1330,21,178,238,76,15,528,1858
TAMIL NADU,2001,Self-employed (Business activity),2,134,309,164,47,656,2,12,11,31,1,57,713
TAMIL NADU,2001,Professional Activity,3,83,141,58,9,294,0,14,27,23,0,64,358
TAMIL NADU,2001,Farming/Agriculture Activity,5,304,253,170,94,826,7,63,50,24,15,159,985
TAMIL NADU,2001,Others (Please Specify),18,492,508,313,135,1466,8,216,172,122,55,573,2039
TAMIL NADU,2001,Retired Person,0,0,0,9,35,44,0,0,0,0,6,6,50
TAMIL NADU,2001,Others (Please Specify),64,272,405,221,91,1053,65,124,143,83,38,453,1506
TAMIL NADU,2001,Total,146,2115,2682,1673,512,7128,145,1702,1444,658,213,4162,11290
TAMIL NADU,2001,Total Salaried,2,317,516,336,52,1223,3,157,164,67,8,399,1622
TAMIL NADU,2001,Total Self-employed,28,1013,1211,705,285,3242,17,305,260,200,71,853,4095
TRIPURA,2001,House Wife,0,0,0,0,0,0,0,20,40,8,3,71,71
TRIPURA,2001,Service (Government),0,0,0,0,0,0,0,0,0,0,0,0,0
TRIPURA,2001,Service (Private),0,2,10,1,0,13,0,0,0,2,0,2,15
TRIPURA,2001,Public Sector Undertaking,0,0,0,0,0,0,0,3,0,0,0,3,3
TRIPURA,2001,Student,10,18,9,0,0,37,5,10,18,0,0,33,70
TRIPURA,2001,Unemployed,2,20,14,2,2,40,2,10,1,1,0,14,54
TRIPURA,2001,Self-employed (Business activity),0,9,30,10,0,49,0,2,0,0,0,2,51
TRIPURA,2001,Professional Activity,0,4,4,1,0,9,0,2,2,0,0,4,13
TRIPURA,2001,Farming/Agriculture Activity,0,10,26,3,2,41,0,0,0,0,0,0,41
TRIPURA,2001,Others (Please Specify),0,16,25,6,3,50,0,10,1,4,4,19,69
TRIPURA,2001,Retired Person,0,0,0,0,0,0,0,0,0,0,0,0,0
TRIPURA,2001,Others (Please Specify),6,52,76,64,26,224,5,51,125,47,15,243,467
TRIPURA,2001,Total,18,131,194,87,33,463,12,108,187,62,22,391,854
TRIPURA,2001,Total Salaried,0,2,10,1,0,13,0,3,0,2,0,5,18
TRIPURA,2001,Total Self-employed,0,39,85,20,5,149,0,14,3,4,4,25,174
UTTAR PRADESH,2001,House Wife,0,0,0,0,0,0,13,577,374,87,24,1075,1075
UTTAR PRADESH,2001,Service (Government),0,8,16,6,1,31,0,15,11,0,0,26,57
UTTAR PRADESH,2001,Service (Private),1,113,85,39,1,239,1,34,23,15,0,73,312
UTTAR PRADESH,2001,Public Sector Undertaking,0,22,11,4,2,39,0,5,2,0,0,7,46
UTTAR PRADESH,2001,Student,38,82,3,0,0,123,20,66,2,0,0,88,211
UTTAR PRADESH,2001,Unemployed,12,167,96,34,7,316,2,12,4,2,0,20,336
UTTAR PRADESH,2001,Self-employed (Business activity),0,55,37,33,6,131,0,7,1,0,0,8,139
UTTAR PRADESH,2001,Professional Activity,0,8,17,9,3,37,0,1,2,1,0,4,41
UTTAR PRADESH,2001,Farming/Agriculture Activity,6,175,175,140,82,578,4,39,40,19,8,110,688
UTTAR PRADESH,2001,Others (Please Specify),11,57,66,45,20,199,11,88,59,47,36,241,440
UTTAR PRADESH,2001,Retired Person,0,0,0,2,3,5,0,1,2,1,2,6,11
UTTAR PRADESH,2001,Others (Please Specify),5,29,39,18,12,103,12,25,17,3,0,57,160
UTTAR PRADESH,2001,Total,73,716,545,330,137,1801,63,870,537,175,70,1715,3516
UTTAR PRADESH,2001,Total Salaried,1,143,112,49,4,309,1,54,36,15,0,106,415
UTTAR PRADESH,2001,Total Self-employed,17,295,295,227,111,945,15,135,102,67,44,363,1308
UTTARAKHAND,2001,House Wife,0,0,0,0,0,0,0,30,24,8,2,64,64
UTTARAKHAND,2001,Service (Government),0,2,6,2,0,10,0,9,1,0,0,10,20
UTTARAKHAND,2001,Service (Private),1,3,41,18,2,65,3,9,5,0,0,17,82
UTTARAKHAND,2001,Public Sector Undertaking,0,1,1,0,0,2,0,0,0,0,0,0,2
UTTARAKHAND,2001,Student,2,10,0,0,0,12,1,8,0,0,0,9,21
UTTARAKHAND,2001,Unemployed,0,10,18,0,0,28,0,3,0,1,0,4,32
UTTARAKHAND,2001,Self-employed (Business activity),0,4,0,4,0,8,0,0,0,0,0,0,8
UTTARAKHAND,2001,Professional Activity,0,0,0,0,0,0,0,0,0,0,0,0,0
UTTARAKHAND,2001,Farming/Agriculture Activity,0,3,9,5,1,18,0,2,1,0,0,3,21
UTTARAKHAND,2001,Others (Please Specify),0,7,12,9,2,30,0,10,8,1,0,19,49
UTTARAKHAND,2001,Retired Person,0,0,0,2,0,2,0,0,0,0,0,0,2
UTTARAKHAND,2001,Others (Please Specify),0,1,4,2,0,7,0,1,2,0,0,3,10
UTTARAKHAND,2001,Total,3,41,91,42,5,182,4,72,41,10,2,129,311
UTTARAKHAND,2001,Total Salaried,1,6,48,20,2,77,3,18,6,0,0,27,104
UTTARAKHAND,2001,Total Self-employed,0,14,21,18,3,56,0,12,9,1,0,22,78
WEST BENGAL,2001,House Wife,0,0,0,0,0,0,0,653,588,242,72,1555,1555
WEST BENGAL,2001,Service (Government),0,42,65,68,7,182,0,38,65,13,5,121,303
WEST BENGAL,2001,Service (Private),16,229,366,335,49,995,41,118,121,97,48,425,1420
WEST BENGAL,2001,Public Sector Undertaking,0,170,111,137,55,473,0,93,104,64,8,269,742
WEST BENGAL,2001,Student,132,263,2,0,0,397,73,331,13,0,0,417,814
WEST BENGAL,2001,Unemployed,2,217,229,186,12,646,0,99,110,14,0,223,869
WEST BENGAL,2001,Self-employed (Business activity),0,88,193,195,33,509,0,34,44,51,37,166,675
WEST BENGAL,2001,Professional Activity,0,23,67,64,41,195,5,22,28,16,10,81,276
WEST BENGAL,2001,Farming/Agriculture Activity,8,284,279,266,98,935,13,72,133,93,0,311,1246
WEST BENGAL,2001,Others (Please Specify),21,364,328,291,153,1157,24,271,265,215,72,847,2004
WEST BENGAL,2001,Retired Person,0,0,0,8,94,102,0,0,0,17,28,45,147
WEST BENGAL,2001,Others (Please Specify),104,347,786,496,171,1904,127,523,544,348,193,1735,3639
WEST BENGAL,2001,Total,283,2027,2426,2046,713,7495,283,2254,2015,1170,473,6195,13690
WEST BENGAL,2001,Total Salaried,16,441,542,540,111,1650,41,249,290,174,61,815,2465
WEST BENGAL,2001,Total Self-employed,29,759,867,816,325,2796,42,399,470,375,119,1405,4201
TOTAL (STATES),2001,House Wife,0,0,0,0,0,0,69,9879,7077,2934,1166,21125,21125
TOTAL (STATES),2001,Service (Government),0,371,751,574,21,1717,0,201,231,70,14,516,2233
TOTAL (STATES),2001,Service (Private),24,2107,2881,1655,360,7027,60,692,483,298,110,1643,8670
TOTAL (STATES),2001,Public Sector Undertaking,0,628,636,465,126,1855,0,254,222,95,14,585,2440
TOTAL (STATES),2001,Student,671,2179,160,27,0,3037,526,1666,66,22,2,2282,5319
TOTAL (STATES),2001,Unemployed,52,2806,2912,1814,562,8146,51,855,595,194,90,1785,9931
TOTAL (STATES),2001,Self-employed (Business activity),39,1160,1881,1253,278,4611,25,204,182,148,64,623,5234
TOTAL (STATES),2001,Professional Activity,21,603,955,538,166,2283,11,107,99,76,23,316,2599
TOTAL (STATES),2001,Farming/Agriculture Activity,88,3808,5080,3375,1357,13708,80,1021,888,449,138,2576,16284
TOTAL (STATES),2001,Others (Please Specify),275,3514,4515,3117,1510,12931,243,1887,1436,898,453,4917,17848
TOTAL (STATES),2001,Retired Person,0,27,32,140,497,696,0,6,20,46,112,184,880
TOTAL (STATES),2001,Others (Please Specify),309,2322,3271,2221,964,9087,407,1693,1414,880,431,4825,13912
TOTAL (STATES),2001,Total,1479,19525,23074,15179,5841,65098,1472,18465,12713,6110,2617,41377,106475
TOTAL (STATES),2001,Total Salaried,24,3106,4268,2694,507,10599,60,1147,936,463,138,2744,13343
TOTAL (STATES),2001,Total Self-employed,423,9085,12431,8283,3311,33533,359,3219,2605,1571,678,8432,41965
A & N ISLANDS,2001,House Wife,0,0,0,0,0,0,0,21,9,5,3,38,38
A & N ISLANDS,2001,Service (Government),0,3,10,7,0,20,0,0,0,0,0,0,20
A & N ISLANDS,2001,Service (Private),0,14,7,9,2,32,0,0,0,0,0,0,32
A & N ISLANDS,2001,Public Sector Undertaking,0,2,1,1,0,4,0,0,0,0,0,0,4
A & N ISLANDS,2001,Student,1,2,0,0,0,3,2,9,0,0,0,11,14
A & N ISLANDS,2001,Unemployed,0,0,0,0,0,0,0,0,0,0,0,0,0
A & N ISLANDS,2001,Self-employed (Business activity),0,0,0,0,0,0,0,0,0,0,0,0,0
A & N ISLANDS,2001,Professional Activity,0,0,0,0,0,0,0,0,0,0,0,0,0
A & N ISLANDS,2001,Farming/Agriculture Activity,0,0,0,0,3,3,0,0,0,0,0,0,3
A & N ISLANDS,2001,Others (Please Specify),1,4,5,4,1,15,0,1,0,0,0,1,16
A & N ISLANDS,2001,Retired Person,0,0,0,0,2,2,0,0,0,0,0,0,2
A & N ISLANDS,2001,Others (Please Specify),0,0,0,0,0,0,0,0,0,0,0,0,0
A & N ISLANDS,2001,Total,2,25,23,21,8,79,2,31,9,5,3,50,129
A & N ISLANDS,2001,Total Salaried,0,19,18,17,2,56,0,0,0,0,0,0,56
A & N ISLANDS,2001,Total Self-employed,1,4,5,4,4,18,0,1,0,0,0,1,19
CHANDIGARH,2001,House Wife,0,0,0,0,0,0,0,11,6,2,0,19,19
CHANDIGARH,2001,Service (Government),0,1,1,1,0,3,0,0,0,0,0,0,3
CHANDIGARH,2001,Service (Private),0,4,4,0,0,8,0,0,0,0,0,0,8
CHANDIGARH,2001,Public Sector Undertaking,0,0,0,0,0,0,0,0,0,0,0,0,0
CHANDIGARH,2001,Student,0,4,0,0,0,4,0,2,0,0,0,2,6
CHANDIGARH,2001,Unemployed,0,1,0,0,0,1,0,0,0,0,0,0,1
CHANDIGARH,2001,Self-employed (Business activity),0,1,0,0,0,1,0,0,0,0,0,0,1
CHANDIGARH,2001,Professional Activity,0,0,0,0,0,0,0,0,0,0,0,0,0
CHANDIGARH,2001,Farming/Agriculture Activity,0,0,0,0,0,0,0,0,0,0,0,0,0
CHANDIGARH,2001,Others (Please Specify),0,2,4,0,0,6,0,0,0,0,0,0,6
CHANDIGARH,2001,Retired Person,0,0,0,0,1,1,0,0,0,0,0,0,1
CHANDIGARH,2001,Others (Please Specify),0,7,6,1,1,15,0,5,5,0,0,10,25
CHANDIGARH,2001,Total,0,20,15,2,2,39,0,18,11,2,0,31,70
CHANDIGARH,2001,Total Salaried,0,5,5,1,0,11,0,0,0,0,0,0,11
CHANDIGARH,2001,Total Self-employed,0,3,4,0,0,7,0,0,0,0,0,0,7
D & N HAVELI,2001,House Wife,0,0,0,0,0,0,1,9,3,0,0,13,13
D & N HAVELI,2001,Service (Government),0,0,0,0,0,0,0,0,0,0,0,0,0
D & N HAVELI,2001,Service (Private),0,1,3,1,0,5,0,0,0,0,0,0,5
D & N HAVELI,2001,Public Sector Undertaking,0,0,0,0,0,0,0,0,0,0,0,0,0
D & N HAVELI,2001,Student,0,0,0,0,0,0,0,0,0,0,0,0,0
D & N HAVELI,2001,Unemployed,0,5,3,0,0,8,0,0,0,0,0,0,8
D & N HAVELI,2001,Self-employed (Business activity),0,0,0,0,0,0,0,0,0,0,0,0,0
D & N HAVELI,2001,Professional Activity,0,0,0,0,0,0,0,0,0,0,0,0,0
D & N HAVELI,2001,Farming/Agriculture Activity,0,4,4,3,8,19,0,0,0,0,0,0,19
D & N HAVELI,2001,Others (Please Specify),0,0,0,2,0,2,0,0,0,1,0,1,3
D & N HAVELI,2001,Retired Person,0,0,0,0,0,0,0,0,0,0,0,0,0
D & N HAVELI,2001,Others (Please Specify),0,0,0,1,0,1,0,0,1,0,0,1,2
D & N HAVELI,2001,Total,0,10,10,7,8,35,1,9,4,1,0,15,50
D & N HAVELI,2001,Total Salaried,0,1,3,1,0,5,0,0,0,0,0,0,5
D & N HAVELI,2001,Total Self-employed,0,4,4,5,8,21,0,0,0,1,0,1,22
DAMAN & DIU,2001,House Wife,0,0,0,0,0,0,0,3,0,0,0,3,3
DAMAN & DIU,2001,Service (Government),0,0,0,0,0,0,0,0,0,0,0,0,0
DAMAN & DIU,2001,Service (Private),0,2,3,0,0,5,0,1,0,0,0,1,6
DAMAN & DIU,2001,Public Sector Undertaking,0,0,0,0,0,0,0,0,0,0,0,0,0
DAMAN & DIU,2001,Student,0,0,0,0,0,0,0,0,0,0,0,0,0
DAMAN & DIU,2001,Unemployed,0,0,0,0,0,0,0,0,0,0,0,0,0
DAMAN & DIU,2001,Self-employed (Business activity),0,0,0,0,0,0,0,0,0,0,0,0,0
DAMAN & DIU,2001,Professional Activity,0,0,1,0,0,1,0,0,0,0,0,0,1
DAMAN & DIU,2001,Farming/Agriculture Activity,0,0,0,0,0,0,0,0,0,0,0,0,0
DAMAN & DIU,2001,Others (Please Specify),0,1,2,0,0,3,0,0,0,0,0,0,3
DAMAN & DIU,2001,Retired Person,0,0,0,0,0,0,0,0,0,0,0,0,0
DAMAN & DIU,2001,Others (Please Specify),0,1,0,0,0,1,0,0,0,0,0,0,1
DAMAN & DIU,2001,Total,0,4,6,0,0,10,0,4,0,0,0,4,14
DAMAN & DIU,2001,Total Salaried,0,2,3,0,0,5,0,1,0,0,0,1,6
DAMAN & DIU,2001,Total Self-employed,0,1,3,0,0,4,0,0,0,0,0,0,4
DELHI (UT),2001,House Wife,0,0,0,0,0,0,0,174,118,27,8,327,327
DELHI (UT),2001,Service (Government),0,11,13,5,0,29,0,1,1,0,0,2,31
DELHI (UT),2001,Service (Private),0,68,51,27,1,147,0,12,1,0,0,13,160
DELHI (UT),2001,Public Sector Undertaking,0,10,6,2,1,19,0,1,0,0,0,1,20
DELHI (UT),2001,Student,9,42,4,0,0,55,14,35,0,0,0,49,104
DELHI (UT),2001,Unemployed,1,91,76,34,7,209,4,13,3,0,0,20,229
DELHI (UT),2001,Self-employed (Business activity),0,6,13,4,0,23,0,0,0,0,0,0,23
DELHI (UT),2001,Professional Activity,0,3,4,4,0,11,0,1,0,0,0,1,12
DELHI (UT),2001,Farming/Agriculture Activity,0,8,7,1,0,16,0,2,0,0,0,2,18
DELHI (UT),2001,Others (Please Specify),3,67,76,32,8,186,6,43,31,1,3,84,270
DELHI (UT),2001,Retired Person,0,0,0,0,1,1,0,0,0,0,0,0,1
DELHI (UT),2001,Others (Please Specify),2,9,10,6,7,34,4,0,3,3,0,10,44
DELHI (UT),2001,Total,15,315,260,115,25,730,28,282,157,31,11,509,1239
DELHI (UT),2001,Total Salaried,0,89,70,34,2,195,0,14,2,0,0,16,211
DELHI (UT),2001,Total Self-employed,3,84,100,41,8,236,6,46,31,1,3,87,323
LAKSHADWEEP,2001,House Wife,0,0,0,0,0,0,0,0,0,0,0,0,0
LAKSHADWEEP,2001,Service (Government),0,0,0,0,0,0,0,0,0,0,0,0,0
LAKSHADWEEP,2001,Service (Private),0,0,0,0,0,0,0,0,0,0,0,0,0
LAKSHADWEEP,2001,Public Sector Undertaking,0,0,0,0,0,0,0,0,0,0,0,0,0
LAKSHADWEEP,2001,Student,0,0,0,0,0,0,0,0,0,0,0,0,0
LAKSHADWEEP,2001,Unemployed,0,0,0,0,0,0,0,0,0,0,0,0,0
LAKSHADWEEP,2001,Self-employed (Business activity),0,0,0,0,0,0,0,0,0,0,0,0,0
LAKSHADWEEP,2001,Professional Activity,0,0,0,0,0,0,0,0,0,0,0,0,0
LAKSHADWEEP,2001,Farming/Agriculture Activity,0,0,0,0,0,0,0,0,0,0,0,0,0
LAKSHADWEEP,2001,Others (Please Specify),0,0,0,0,0,0,0,0,0,0,0,0,0
LAKSHADWEEP,2001,Retired Person,0,0,0,0,0,0,0,0,0,0,0,0,0
LAKSHADWEEP,2001,Others (Please Specify),0,0,0,0,0,0,0,0,0,0,0,0,0
LAKSHADWEEP,2001,Total,0,0,0,0,0,0,0,0,0,0,0,0,0
LAKSHADWEEP,2001,Total Salaried,0,0,0,0,0,0,0,0,0,0,0,0,0
LAKSHADWEEP,2001,Total Self-employed,0,0,0,0,0,0,0,0,0,0,0,0,0
PUDUCHERRY,2001,House Wife,0,0,0,0,0,0,0,63,46,18,7,134,134
PUDUCHERRY,2001,Service (Government),0,0,5,0,0,5,0,0,0,1,0,1,6
PUDUCHERRY,2001,Service (Private),0,26,44,22,2,94,0,5,1,0,0,6,100
PUDUCHERRY,2001,Public Sector Undertaking,0,0,1,3,0,4,0,0,0,1,0,1,5
PUDUCHERRY,2001,Student,2,7,0,0,0,9,4,18,0,0,0,22,31
PUDUCHERRY,2001,Unemployed,0,14,6,5,26,51,2,27,3,0,0,32,83
PUDUCHERRY,2001,Self-employed (Business activity),0,7,5,4,1,17,0,0,0,0,0,0,17
PUDUCHERRY,2001,Professional Activity,0,0,0,0,0,0,0,0,0,0,0,0,0
PUDUCHERRY,2001,Farming/Agriculture Activity,0,10,28,35,10,83,0,5,1,2,0,8,91
PUDUCHERRY,2001,Others (Please Specify),0,18,26,15,1,60,0,2,0,0,0,2,62
PUDUCHERRY,2001,Retired Person,0,0,0,0,0,0,0,0,0,0,0,0,0
PUDUCHERRY,2001,Others (Please Specify),0,0,0,0,0,0,0,0,0,0,0,0,0
PUDUCHERRY,2001,Total,2,82,115,84,40,323,6,120,51,22,7,206,529
PUDUCHERRY,2001,Total Salaried,0,26,50,25,2,103,0,5,1,2,0,8,111
PUDUCHERRY,2001,Total Self-employed,0,35,59,54,12,160,0,7,1,2,0,10,170
TOTAL (UTs),2001,House Wife,0,0,0,0,0,0,1,281,182,52,18,534,534
TOTAL (UTs),2001,Service (Government),0,15,29,13,0,57,0,1,1,1,0,3,60
TOTAL (UTs),2001,Service (Private),0,115,112,59,5,291,0,18,2,0,0,20,311
TOTAL (UTs),2001,Public Sector Undertaking,0,12,8,6,1,27,0,1,0,1,0,2,29
TOTAL (UTs),2001,Student,12,55,4,0,0,71,20,64,0,0,0,84,155
TOTAL (UTs),2001,Unemployed,1,111,85,39,33,269,6,40,6,0,0,52,321
TOTAL (UTs),2001,Self-employed (Business activity),0,14,18,8,1,41,0,0,0,0,0,0,41
TOTAL (UTs),2001,Professional Activity,0,3,5,4,0,12,0,1,0,0,0,1,13
TOTAL (UTs),2001,Farming/Agriculture Activity,0,22,39,39,21,121,0,7,1,2,0,10,131
TOTAL (UTs),2001,Others (Please Specify),4,92,113,53,10,272,6,46,31,2,3,88,360
TOTAL (UTs),2001,Retired Person,0,0,0,0,4,4,0,0,0,0,0,0,4
TOTAL (UTs),2001,Others (Please Specify),2,17,16,8,8,51,4,5,9,3,0,21,72
TOTAL (UTs),2001,Total,19,456,429,229,83,1216,37,464,232,61,21,815,2031
TOTAL (UTs),2001,Total Salaried,0,142,149,78,6,375,0,20,3,2,0,25,400
TOTAL (UTs),2001,Total Self-employed,4,131,175,104,32,446,6,54,32,4,3,99,545
TOTAL (ALL INDIA),2001,House Wife,0,0,0,0,0,0,70,10160,7259,2986,1184,21659,21659
TOTAL (ALL INDIA),2001,Service (Government),0,386,780,587,21,1774,0,202,232,71,14,519,2293
TOTAL (ALL INDIA),2001,Service (Private),24,2222,2993,1714,365,7318,60,710,485,298,110,1663,8981
TOTAL (ALL INDIA),2001,Public Sector Undertaking,0,640,644,471,127,1882,0,255,222,96,14,587,2469
TOTAL (ALL INDIA),2001,Student,683,2234,164,27,0,3108,546,1730,66,22,2,2366,5474
TOTAL (ALL INDIA),2001,Unemployed,53,2917,2997,1853,595,8415,57,895,601,194,90,1837,10252
TOTAL (ALL INDIA),2001,Self-employed (Business activity),39,1174,1899,1261,279,4652,25,204,182,148,64,623,5275
TOTAL (ALL INDIA),2001,Professional Activity,21,606,960,542,166,2295,11,108,99,76,23,317,2612
TOTAL (ALL INDIA),2001,Farming/Agriculture Activity,88,3830,5119,3414,1378,13829,80,1028,889,451,138,2586,16415
TOTAL (ALL INDIA),2001,Others (Please Specify),279,3606,4628,3170,1520,13203,249,1933,1467,900,456,5005,18208
TOTAL (ALL INDIA),2001,Retired Person,0,27,32,140,501,700,0,6,20,46,112,184,884
TOTAL (ALL INDIA),2001,Others (Please Specify),311,2339,3287,2229,972,9138,411,1698,1423,883,431,4846,13984
TOTAL (ALL INDIA),2001,Total,1498,19981,23503,15408,5924,66314,1509,18929,12945,6171,2638,42192,108506
TOTAL (ALL INDIA),2001,Total Salaried,24,3248,4417,2772,513,10974,60,1167,939,465,138,2769,13743
TOTAL (ALL INDIA),2001,Total Self-employed,427,9216,12606,8387,3343,33979,365,3273,2637,1575,681,8531,42510
