STATE/UT,Year,CAUSE,Male upto 14 years,Male 15-29 years,Male 30-44 years,Male 45-59 years,Male 60 years and above,Total Male,Female upto 14 years,Female 15-29 years,Female 30-44 years,Female 45-59 years,Female 60 years and above,Total Female,Grand Total
ANDHRA PRADESH,2004,House Wife,0,0,0,0,0,0,0,1163,795,264,93,2315,2315
ANDHRA PRADESH,2004,Service (Government),0,81,163,51,5,300,0,5,8,1,0,14,314
ANDHRA PRADESH,2004,Service (Private),4,174,248,171,22,619,0,34,35,11,0,80,699
ANDHRA PRADESH,2004,Public Sector Undertaking,0,20,30,10,3,63,0,5,17,1,0,23,86
ANDHRA PRADESH,2004,Student,37,230,48,0,0,315,43,127,7,0,0,177,492
ANDHRA PRADESH,2004,Unemployed,1,175,239,147,0,562,2,46,18,14,0,80,642
ANDHRA PRADESH,2004,Self-employed (Business activity),4,248,348,205,108,913,0,29,19,18,1,67,980
ANDHRA PRADESH,2004,Professional Activity,1,87,154,60,27,329,1,24,21,23,12,81,410
ANDHRA PRADESH,2004,Farming/Agriculture Activity,2,455,857,687,217,2218,14,154,150,84,46,448,2666
ANDHRA PRADESH,2004,Others (Please Specify),6,460,526,380,94,1466,20,142,88,81,36,367,1833
ANDHRA PRADESH,2004,Retired Person,0,0,6,33,23,62,0,0,0,17,6,23,85
ANDHRA PRADESH,2004,Others (Please Specify),40,632,829,431,303,2235,62,230,186,175,116,769,3004
ANDHRA PRADESH,2004,Total,95,2562,3448,2175,802,9082,142,1959,1344,689,310,4444,13526
ANDHRA PRADESH,2004,Total Salaried,4,275,441,232,30,982,0,44,60,13,0,117,1099
ANDHRA PRADESH,2004,Total Self-employed,13,1250,1885,1332,446,4926,35,349,278,206,95,963,5889
ARUNACHAL PRADESH,2004,House Wife,0,0,0,0,0,0,0,7,10,0,0,17,17
ARUNACHAL PRADESH,2004,Service (Government),0,2,7,1,0,10,0,1,0,0,0,1,11
ARUNACHAL PRADESH,2004,Service (Private),0,1,1,0,0,2,0,0,0,0,0,0,2
ARUNACHAL PRADESH,2004,Public Sector Undertaking,0,0,0,0,0,0,0,0,0,0,0,0,0
ARUNACHAL PRADESH,2004,Student,1,4,0,0,0,5,2,3,0,0,0,5,10
ARUNACHAL PRADESH,2004,Unemployed,0,1,1,0,0,2,1,0,2,0,0,3,5
ARUNACHAL PRADESH,2004,Self-employed (Business activity),0,5,6,3,0,14,0,0,0,0,0,0,14
ARUNACHAL PRADESH,2004,Professional Activity,0,0,0,0,0,0,0,0,0,0,0,0,0
ARUNACHAL PRADESH,2004,Farming/Agriculture Activity,0,5,9,2,0,16,1,2,1,0,0,4,20
ARUNACHAL PRADESH,2004,Others (Please Specify),0,0,0,0,0,0,0,0,0,0,0,0,0
ARUNACHAL PRADESH,2004,Retired Person,0,0,0,0,0,0,0,0,0,0,0,0,0
ARUNACHAL PRADESH,2004,Others (Please Specify),0,0,0,0,0,0,0,0,0,0,0,0,0
ARUNACHAL PRADESH,2004,Total,1,18,24,6,0,49,4,13,13,0,0,30,79
ARUNACHAL PRADESH,2004,Total Salaried,0,3,8,1,0,12,0,1,0,0,0,1,13
ARUNACHAL PRADESH,2004,Total Self-employed,0,10,15,5,0,30,1,2,1,0,0,4,34
ASSAM,2004,House Wife,0,0,0,0,0,0,0,212,159,70,5,446,446
ASSAM,2004,Service (Government),0,0,4,6,0,10,0,0,1,1,0,2,12
ASSAM,2004,Service (Private),0,31,26,12,0,69,0,2,6,7,0,15,84
ASSAM,2004,Public Sector Undertaking,0,24,16,9,1,50,0,6,7,2,0,15,65
ASSAM,2004,Student,20,89,4,0,0,113,10,50,2,0,0,62,175
ASSAM,2004,Unemployed,0,50,90,86,11,237,0,33,18,10,1,62,299
ASSAM,2004,Self-employed (Business activity),2,118,122,52,6,300,0,16,16,2,0,34,334
ASSAM,2004,Professional Activity,2,47,64,10,1,124,0,0,0,0,0,0,124
ASSAM,2004,Farming/Agriculture Activity,0,83,155,67,11,316,2,8,3,2,0,15,331
ASSAM,2004,Others (Please Specify),14,144,216,117,28,519,4,70,57,13,4,148,667
ASSAM,2004,Retired Person,0,0,0,0,4,4,0,0,0,0,0,0,4
ASSAM,2004,Others (Please Specify),3,105,67,18,10,203,2,49,27,13,4,95,298
ASSAM,2004,Total,41,691,764,377,72,1945,18,446,296,120,14,894,2839
ASSAM,2004,Total Salaried,0,55,46,27,1,129,0,8,14,10,0,32,161
ASSAM,2004,Total Self-employed,18,392,557,246,46,1259,6,94,76,17,4,197,1456
BIHAR,2004,House Wife,0,0,0,0,0,0,0,39,40,9,2,90,90
BIHAR,2004,Service (Government),0,0,4,4,0,8,0,0,0,0,0,0,8
BIHAR,2004,Service (Private),0,4,7,4,0,15,0,0,0,1,0,1,16
BIHAR,2004,Public Sector Undertaking,0,1,6,1,0,8,0,0,0,0,0,0,8
BIHAR,2004,Student,7,14,1,0,0,22,5,5,0,0,0,10,32
BIHAR,2004,Unemployed,5,24,11,3,0,43,1,1,4,1,0,7,50
BIHAR,2004,Self-employed (Business activity),0,7,7,2,0,16,0,4,3,0,0,7,23
BIHAR,2004,Professional Activity,0,2,2,2,0,6,0,0,0,0,0,0,6
BIHAR,2004,Farming/Agriculture Activity,0,4,10,6,3,23,0,0,0,0,0,0,23
BIHAR,2004,Others (Please Specify),0,1,0,1,0,2,0,0,0,0,1,1,3
BIHAR,2004,Retired Person,0,0,11,3,3,17,0,0,0,0,0,0,17
BIHAR,2004,Others (Please Specify),4,18,17,4,9,52,3,10,4,3,3,23,75
BIHAR,2004,Total,16,75,76,30,15,212,9,59,51,14,6,139,351
BIHAR,2004,Total Salaried,0,5,17,9,0,31,0,0,0,1,0,1,32
BIHAR,2004,Total Self-employed,0,14,19,11,3,47,0,4,3,0,1,8,55
CHHATTISGARH,2004,House Wife,0,0,0,0,0,0,1,358,264,114,40,777,777
CHHATTISGARH,2004,Service (Government),0,7,17,10,1,35,0,1,1,0,0,2,37
CHHATTISGARH,2004,Service (Private),0,25,31,22,2,80,0,0,0,2,0,2,82
CHHATTISGARH,2004,Public Sector Undertaking,0,3,7,5,0,15,0,1,0,0,0,1,16
CHHATTISGARH,2004,Student,20,112,6,0,0,138,27,61,0,0,0,88,226
CHHATTISGARH,2004,Unemployed,5,97,55,4,0,161,0,2,1,0,0,3,164
CHHATTISGARH,2004,Self-employed (Business activity),0,19,12,14,0,45,0,0,0,0,0,0,45
CHHATTISGARH,2004,Professional Activity,0,9,20,14,4,47,0,4,1,0,1,6,53
CHHATTISGARH,2004,Farming/Agriculture Activity,3,312,475,303,120,1213,0,64,56,44,18,182,1395
CHHATTISGARH,2004,Others (Please Specify),9,102,258,222,92,683,10,53,71,42,14,190,873
CHHATTISGARH,2004,Retired Person,0,0,0,0,0,0,0,0,0,0,0,0,0
CHHATTISGARH,2004,Others (Please Specify),40,193,176,113,47,569,54,110,66,23,5,258,827
CHHATTISGARH,2004,Total,77,879,1057,707,266,2986,92,654,460,225,78,1509,4495
CHHATTISGARH,2004,Total Salaried,0,35,55,37,3,130,0,2,1,2,0,5,135
CHHATTISGARH,2004,Total Self-employed,12,442,765,553,216,1988,10,121,128,86,33,378,2366
GOA,2004,House Wife,0,0,0,0,0,0,0,19,22,10,4,55,55
GOA,2004,Service (Government),0,1,4,2,0,7,0,0,1,2,0,3,10
GOA,2004,Service (Private),0,11,19,9,0,39,0,6,0,1,0,7,46
GOA,2004,Public Sector Undertaking,0,4,3,3,0,10,0,0,3,0,0,3,13
GOA,2004,Student,2,11,0,0,0,13,3,7,0,0,0,10,23
GOA,2004,Unemployed,0,20,19,8,1,48,0,9,1,0,1,11,59
GOA,2004,Self-employed (Business activity),0,6,4,2,0,12,0,1,1,0,0,2,14
GOA,2004,Professional Activity,0,0,1,0,0,1,0,1,0,0,0,1,2
GOA,2004,Farming/Agriculture Activity,0,0,2,5,0,7,0,0,1,0,0,1,8
GOA,2004,Others (Please Specify),0,2,5,2,1,10,0,0,0,0,0,0,10
GOA,2004,Retired Person,0,0,0,2,1,3,0,0,0,0,0,0,3
GOA,2004,Others (Please Specify),4,18,25,11,4,62,2,3,2,1,1,9,71
GOA,2004,Total,6,73,82,44,7,212,5,46,31,14,6,102,314
GOA,2004,Total Salaried,0,16,26,14,0,56,0,6,4,3,0,13,69
GOA,2004,Total Self-employed,0,8,12,9,1,30,0,2,2,0,0,4,34
GUJARAT,2004,House Wife,0,0,0,0,0,0,6,616,489,190,59,1360,1360
GUJARAT,2004,Service (Government),0,15,30,15,0,60,0,1,4,1,0,6,66
GUJARAT,2004,Service (Private),0,107,153,81,10,351,0,40,19,9,1,69,420
GUJARAT,2004,Public Sector Undertaking,0,9,14,16,2,41,0,1,1,0,0,2,43
GUJARAT,2004,Student,15,115,10,0,0,140,13,92,1,0,1,107,247
GUJARAT,2004,Unemployed,1,171,170,73,10,425,0,27,19,6,0,52,477
GUJARAT,2004,Self-employed (Business activity),0,71,96,57,10,234,0,1,3,1,1,6,240
GUJARAT,2004,Professional Activity,0,123,141,85,16,365,0,10,8,2,1,21,386
GUJARAT,2004,Farming/Agriculture Activity,0,134,153,123,42,452,0,31,20,18,2,71,523
GUJARAT,2004,Others (Please Specify),4,163,184,97,29,477,5,69,30,8,7,119,596
GUJARAT,2004,Retired Person,0,0,0,15,46,61,0,0,0,11,30,41,102
GUJARAT,2004,Others (Please Specify),14,80,86,49,15,244,5,39,10,11,7,72,316
GUJARAT,2004,Total,34,988,1037,611,180,2850,29,927,604,257,109,1926,4776
GUJARAT,2004,Total Salaried,0,131,197,112,12,452,0,42,24,10,1,77,529
GUJARAT,2004,Total Self-employed,4,491,574,362,97,1528,5,111,61,29,11,217,1745
HARYANA,2004,House Wife,0,0,0,0,0,0,1,157,120,37,15,330,330
HARYANA,2004,Service (Government),0,20,28,19,0,67,0,11,4,1,0,16,83
HARYANA,2004,Service (Private),0,62,82,26,2,172,0,27,8,2,0,37,209
HARYANA,2004,Public Sector Undertaking,0,13,32,5,0,50,0,3,6,1,0,10,60
HARYANA,2004,Student,5,71,3,0,0,79,11,27,0,0,0,38,117
HARYANA,2004,Unemployed,4,71,72,34,6,187,3,6,10,5,0,24,211
HARYANA,2004,Self-employed (Business activity),0,28,30,20,11,89,0,0,0,0,0,0,89
HARYANA,2004,Professional Activity,0,1,19,13,0,33,0,0,0,0,0,0,33
HARYANA,2004,Farming/Agriculture Activity,0,40,56,38,10,144,0,6,6,4,0,16,160
HARYANA,2004,Others (Please Specify),4,55,69,40,8,176,2,8,19,9,2,40,216
HARYANA,2004,Retired Person,0,0,0,0,9,9,0,0,0,0,0,0,9
HARYANA,2004,Others (Please Specify),21,155,153,60,59,448,5,62,31,13,6,117,565
HARYANA,2004,Total,34,516,544,255,105,1454,22,307,204,72,23,628,2082
HARYANA,2004,Total Salaried,0,95,142,50,2,289,0,41,18,4,0,63,352
HARYANA,2004,Total Self-employed,4,124,174,111,29,442,2,14,25,13,2,56,498
HIMACHAL PRADESH,2004,House Wife,0,0,0,0,0,0,0,40,24,9,2,75,75
HIMACHAL PRADESH,2004,Service (Government),0,6,4,3,0,13,0,0,0,1,0,1,14
HIMACHAL PRADESH,2004,Service (Private),1,21,21,4,2,49,0,1,1,0,0,2,51
HIMACHAL PRADESH,2004,Public Sector Undertaking,0,1,0,1,0,2,0,0,0,0,0,0,2
HIMACHAL PRADESH,2004,Student,4,7,0,0,0,11,2,9,1,0,0,12,23
HIMACHAL PRADESH,2004,Unemployed,0,18,10,2,4,34,0,12,0,0,0,12,46
HIMACHAL PRADESH,2004,Self-employed (Business activity),0,5,3,3,0,11,0,1,0,0,0,1,12
HIMACHAL PRADESH,2004,Professional Activity,0,0,0,1,0,1,0,0,0,0,0,0,1
HIMACHAL PRADESH,2004,Farming/Agriculture Activity,0,14,14,13,2,43,0,3,4,1,1,9,52
HIMACHAL PRADESH,2004,Others (Please Specify),0,5,15,8,1,29,0,5,5,0,0,10,39
HIMACHAL PRADESH,2004,Retired Person,0,0,0,0,0,0,0,0,0,0,0,0,0
HIMACHAL PRADESH,2004,Others (Please Specify),0,0,15,19,9,43,2,0,7,3,1,13,56
HIMACHAL PRADESH,2004,Total,5,77,82,54,18,236,4,71,42,14,4,135,371
HIMACHAL PRADESH,2004,Total Salaried,1,28,25,8,2,64,0,1,1,1,0,3,67
HIMACHAL PRADESH,2004,Total Self-employed,0,24,32,25,3,84,0,9,9,1,1,20,104
JAMMU & KASHMIR,2004,House Wife,0,0,0,0,0,0,0,13,16,0,0,29,29
JAMMU & KASHMIR,2004,Service (Government),0,2,2,0,0,4,0,0,0,0,0,0,4
JAMMU & KASHMIR,2004,Service (Private),0,0,0,0,0,0,0,0,0,0,0,0,0
JAMMU & KASHMIR,2004,Public Sector Undertaking,0,0,0,0,0,0,0,1,0,0,0,1,1
JAMMU & KASHMIR,2004,Student,0,3,0,0,0,3,0,3,0,0,0,3,6
JAMMU & KASHMIR,2004,Unemployed,0,6,0,0,0,6,0,0,0,0,0,0,6
JAMMU & KASHMIR,2004,Self-employed (Business activity),0,0,0,0,0,0,0,0,0,0,0,0,0
JAMMU & KASHMIR,2004,Professional Activity,0,0,0,0,0,0,0,0,0,0,0,0,0
JAMMU & KASHMIR,2004,Farming/Agriculture Activity,0,0,0,1,0,1,0,0,0,0,0,0,1
JAMMU & KASHMIR,2004,Others (Please Specify),0,0,5,0,0,5,0,4,5,1,0,10,15
JAMMU & KASHMIR,2004,Retired Person,0,0,0,0,0,0,0,0,0,0,0,0,0
JAMMU & KASHMIR,2004,Others (Please Specify),0,16,9,7,0,32,0,8,8,2,0,18,50
JAMMU & KASHMIR,2004,Total,0,27,16,8,0,51,0,29,29,3,0,61,112
JAMMU & KASHMIR,2004,Total Salaried,0,2,2,0,0,4,0,1,0,0,0,1,5
JAMMU & KASHMIR,2004,Total Self-employed,0,0,5,1,0,6,0,4,5,1,0,10,16
JHARKHAND,2004,House Wife,0,0,0,0,0,0,0,0,0,0,0,0,0
JHARKHAND,2004,Service (Government),0,0,0,0,0,0,0,0,0,0,0,0,0
JHARKHAND,2004,Service (Private),0,0,4,1,0,5,0,0,3,0,0,3,8
JHARKHAND,2004,Public Sector Undertaking,0,0,2,1,0,3,0,0,2,1,0,3,6
JHARKHAND,2004,Student,3,4,0,0,0,7,0,3,0,0,0,3,10
JHARKHAND,2004,Unemployed,0,8,8,11,0,27,0,1,1,0,0,2,29
JHARKHAND,2004,Self-employed (Business activity),0,0,2,1,0,3,0,0,1,0,0,1,4
JHARKHAND,2004,Professional Activity,0,4,1,2,2,9,0,0,0,0,0,0,9
JHARKHAND,2004,Farming/Agriculture Activity,0,4,14,3,0,21,0,0,0,0,0,0,21
JHARKHAND,2004,Others (Please Specify),0,18,10,6,0,34,0,10,0,2,0,12,46
JHARKHAND,2004,Retired Person,0,0,0,0,0,0,0,0,0,0,0,0,0
JHARKHAND,2004,Others (Please Specify),6,34,39,36,9,124,4,51,63,42,0,160,284
JHARKHAND,2004,Total,9,72,80,61,11,233,4,65,70,45,0,184,417
JHARKHAND,2004,Total Salaried,0,0,6,2,0,8,0,0,5,1,0,6,14
JHARKHAND,2004,Total Self-employed,0,26,27,12,2,67,0,10,1,2,0,13,80
KARNATAKA,2004,House Wife,0,0,0,0,0,0,0,736,609,300,138,1783,1783
KARNATAKA,2004,Service (Government),0,38,65,58,4,165,0,21,10,3,0,34,199
KARNATAKA,2004,Service (Private),5,286,358,192,46,887,1,104,77,29,7,218,1105
KARNATAKA,2004,Public Sector Undertaking,0,55,78,29,7,169,0,30,10,9,0,49,218
KARNATAKA,2004,Student,45,162,25,0,0,232,48,162,6,0,0,216,448
KARNATAKA,2004,Unemployed,4,179,185,101,57,526,2,38,24,7,14,85,611
KARNATAKA,2004,Self-employed (Business activity),9,153,207,82,20,471,3,4,8,8,0,23,494
KARNATAKA,2004,Professional Activity,0,33,35,14,3,85,0,0,0,0,0,0,85
KARNATAKA,2004,Farming/Agriculture Activity,1,464,661,432,148,1706,5,84,112,48,8,257,1963
KARNATAKA,2004,Others (Please Specify),16,601,782,479,177,2055,44,221,244,86,42,637,2692
KARNATAKA,2004,Retired Person,0,0,8,17,50,75,0,0,0,0,0,0,75
KARNATAKA,2004,Others (Please Specify),79,358,524,458,228,1647,43,288,131,107,48,617,2264
KARNATAKA,2004,Total,159,2329,2928,1862,740,8018,146,1688,1231,597,257,3919,11937
KARNATAKA,2004,Total Salaried,5,379,501,279,57,1221,1,155,97,41,7,301,1522
KARNATAKA,2004,Total Self-employed,26,1251,1685,1007,348,4317,52,309,364,142,50,917,5234
KERALA,2004,House Wife,0,0,0,0,0,0,0,288,484,413,328,1513,1513
KERALA,2004,Service (Government),0,4,39,40,0,83,0,1,3,1,0,5,88
KERALA,2004,Service (Private),0,38,101,70,11,220,0,13,9,4,2,28,248
KERALA,2004,Public Sector Undertaking,0,6,17,8,0,31,0,1,3,3,1,8,39
KERALA,2004,Student,37,106,0,0,0,143,38,153,2,0,0,193,336
KERALA,2004,Unemployed,2,282,299,208,215,1006,0,123,47,32,56,258,1264
KERALA,2004,Self-employed (Business activity),0,48,150,153,34,385,0,0,0,1,0,1,386
KERALA,2004,Professional Activity,0,39,57,46,8,150,0,4,2,0,0,6,156
KERALA,2004,Farming/Agriculture Activity,0,73,240,330,217,860,0,7,13,17,6,43,903
KERALA,2004,Others (Please Specify),2,356,774,920,482,2534,7,91,43,37,49,227,2761
KERALA,2004,Retired Person,0,0,0,17,67,84,0,0,0,1,8,9,93
KERALA,2004,Others (Please Specify),7,155,390,318,232,1102,8,48,48,27,33,164,1266
KERALA,2004,Total,48,1107,2067,2110,1266,6598,53,729,654,536,483,2455,9053
KERALA,2004,Total Salaried,0,48,157,118,11,334,0,15,15,8,3,41,375
KERALA,2004,Total Self-employed,2,516,1221,1449,741,3929,7,102,58,55,55,277,4206
MADHYA PRADESH,2004,House Wife,0,0,0,0,0,0,0,1244,584,198,86,2112,2112
MADHYA PRADESH,2004,Service (Government),0,62,70,31,7,170,0,15,13,6,0,34,204
MADHYA PRADESH,2004,Service (Private),1,115,142,65,11,334,0,39,21,1,0,61,395
MADHYA PRADESH,2004,Public Sector Undertaking,0,33,42,15,9,99,0,29,21,1,0,51,150
MADHYA PRADESH,2004,Student,64,88,1,0,0,153,38,73,0,0,0,111,264
MADHYA PRADESH,2004,Unemployed,1,159,70,20,0,250,0,20,11,1,0,32,282
MADHYA PRADESH,2004,Self-employed (Business activity),0,85,97,55,30,267,0,31,15,8,4,58,325
MADHYA PRADESH,2004,Professional Activity,0,42,46,57,16,161,0,6,8,7,6,27,188
MADHYA PRADESH,2004,Farming/Agriculture Activity,1,564,441,202,139,1347,9,143,83,38,18,291,1638
MADHYA PRADESH,2004,Others (Please Specify),18,193,217,126,83,637,48,118,52,56,43,317,954
MADHYA PRADESH,2004,Retired Person,0,0,0,0,14,14,0,0,0,0,0,0,14
MADHYA PRADESH,2004,Others (Please Specify),24,67,76,24,11,202,15,35,11,5,1,67,269
MADHYA PRADESH,2004,Total,109,1408,1202,595,320,3634,110,1753,819,321,158,3161,6795
MADHYA PRADESH,2004,Total Salaried,1,210,254,111,27,603,0,83,55,8,0,146,749
MADHYA PRADESH,2004,Total Self-employed,19,884,801,440,268,2412,57,298,158,109,71,693,3105
MAHARASHTRA,2004,House Wife,0,0,0,0,0,0,0,1768,1096,422,215,3501,3501
MAHARASHTRA,2004,Service (Government),0,38,97,66,0,201,0,23,13,7,0,43,244
MAHARASHTRA,2004,Service (Private),0,403,599,300,43,1345,0,61,30,9,1,101,1446
MAHARASHTRA,2004,Public Sector Undertaking,0,46,62,40,6,154,0,4,2,3,0,9,163
MAHARASHTRA,2004,Student,77,427,12,0,0,516,81,357,5,0,0,443,959
MAHARASHTRA,2004,Unemployed,0,514,396,99,9,1018,2,46,11,1,0,60,1078
MAHARASHTRA,2004,Self-employed (Business activity),0,134,201,130,40,505,0,9,12,5,1,27,532
MAHARASHTRA,2004,Professional Activity,0,79,123,82,26,310,0,5,4,0,0,9,319
MAHARASHTRA,2004,Farming/Agriculture Activity,3,909,1504,940,443,3799,3,155,107,59,24,348,4147
MAHARASHTRA,2004,Others (Please Specify),7,517,715,456,168,1863,5,136,71,29,24,265,2128
MAHARASHTRA,2004,Retired Person,0,0,0,16,105,121,0,0,0,0,2,2,123
MAHARASHTRA,2004,Others (Please Specify),0,13,29,9,20,71,2,9,2,1,4,18,89
MAHARASHTRA,2004,Total,87,3080,3738,2138,860,9903,93,2573,1353,536,271,4826,14729
MAHARASHTRA,2004,Total Salaried,0,487,758,406,49,1700,0,88,45,19,1,153,1853
MAHARASHTRA,2004,Total Self-employed,10,1639,2543,1608,677,6477,8,305,194,93,49,649,7126
MANIPUR,2004,House Wife,0,0,0,0,0,0,0,0,1,0,0,1,1
MANIPUR,2004,Service (Government),0,4,7,1,0,12,0,0,0,0,0,0,12
MANIPUR,2004,Service (Private),0,0,1,0,0,1,0,0,0,0,0,0,1
MANIPUR,2004,Public Sector Undertaking,0,0,0,0,0,0,0,0,0,0,0,0,0
MANIPUR,2004,Student,0,4,0,0,0,4,1,5,0,0,0,6,10
MANIPUR,2004,Unemployed,0,5,1,1,0,7,0,0,2,0,0,2,9
MANIPUR,2004,Self-employed (Business activity),0,2,1,0,0,3,0,0,0,0,0,0,3
MANIPUR,2004,Professional Activity,0,0,0,0,0,0,0,0,0,0,0,0,0
MANIPUR,2004,Farming/Agriculture Activity,0,0,1,1,0,2,0,0,0,0,0,0,2
MANIPUR,2004,Others (Please Specify),0,1,0,0,0,1,0,0,0,0,0,0,1
MANIPUR,2004,Retired Person,0,0,0,0,0,0,0,0,0,0,0,0,0
MANIPUR,2004,Others (Please Specify),0,1,1,0,0,2,0,0,0,0,0,0,2
MANIPUR,2004,Total,0,17,12,3,0,32,1,5,3,0,0,9,41
MANIPUR,2004,Total Salaried,0,4,8,1,0,13,0,0,0,0,0,0,13
MANIPUR,2004,Total Self-employed,0,3,2,1,0,6,0,0,0,0,0,0,6
MEGHALAYA,2004,House Wife,0,0,0,0,0,0,0,5,2,0,0,7,7
MEGHALAYA,2004,Service (Government),0,0,8,2,0,10,0,1,0,0,0,1,11
MEGHALAYA,2004,Service (Private),0,3,3,0,0,6,0,0,0,0,0,0,6
MEGHALAYA,2004,Public Sector Undertaking,0,1,1,0,0,2,0,0,0,0,0,0,2
MEGHALAYA,2004,Student,0,6,0,0,0,6,0,6,0,0,0,6,12
MEGHALAYA,2004,Unemployed,0,1,3,0,0,4,0,2,0,0,0,2,6
MEGHALAYA,2004,Self-employed (Business activity),0,0,0,0,0,0,0,0,0,0,0,0,0
MEGHALAYA,2004,Professional Activity,0,0,0,0,0,0,0,0,0,0,0,0,0
MEGHALAYA,2004,Farming/Agriculture Activity,0,0,3,6,2,11,0,0,0,0,0,0,11
MEGHALAYA,2004,Others (Please Specify),0,0,0,0,0,0,0,0,0,0,0,0,0
MEGHALAYA,2004,Retired Person,0,0,0,0,0,0,0,0,0,0,0,0,0
MEGHALAYA,2004,Others (Please Specify),0,0,0,0,0,0,0,0,0,0,0,0,0
MEGHALAYA,2004,Total,0,11,18,8,2,39,0,14,2,0,0,16,55
MEGHALAYA,2004,Total Salaried,0,4,12,2,0,18,0,1,0,0,0,1,19
MEGHALAYA,2004,Total Self-employed,0,0,3,6,2,11,0,0,0,0,0,0,11
MIZORAM,2004,House Wife,0,0,0,0,0,0,0,0,0,0,0,0,0
MIZORAM,2004,Service (Government),0,3,1,0,0,4,0,0,0,0,0,0,4
MIZORAM,2004,Service (Private),0,0,0,0,0,0,0,0,0,0,0,0,0
MIZORAM,2004,Public Sector Undertaking,0,0,4,1,0,5,0,0,0,0,0,0,5
MIZORAM,2004,Student,0,1,0,0,0,1,0,0,0,0,0,0,1
MIZORAM,2004,Unemployed,0,11,5,2,0,18,0,3,0,0,0,3,21
MIZORAM,2004,Self-employed (Business activity),0,0,0,0,0,0,0,0,0,0,0,0,0
MIZORAM,2004,Professional Activity,0,0,0,0,0,0,0,0,0,0,0,0,0
MIZORAM,2004,Farming/Agriculture Activity,0,0,1,1,0,2,0,0,0,0,0,0,2
MIZORAM,2004,Others (Please Specify),0,8,6,1,0,15,0,3,0,0,0,3,18
MIZORAM,2004,Retired Person,0,0,0,0,0,0,0,0,0,0,0,0,0
MIZORAM,2004,Others (Please Specify),0,6,0,2,0,8,0,0,1,0,0,1,9
MIZORAM,2004,Total,0,29,17,7,0,53,0,6,1,0,0,7,60
MIZORAM,2004,Total Salaried,0,3,5,1,0,9,0,0,0,0,0,0,9
MIZORAM,2004,Total Self-employed,0,8,7,2,0,17,0,3,0,0,0,3,20
NAGALAND,2004,House Wife,0,0,0,0,0,0,0,0,0,0,0,0,0
NAGALAND,2004,Service (Government),0,1,5,0,0,6,0,0,0,0,0,0,6
NAGALAND,2004,Service (Private),0,0,0,0,0,0,0,0,0,0,0,0,0
NAGALAND,2004,Public Sector Undertaking,0,2,0,0,0,2,0,0,0,0,0,0,2
NAGALAND,2004,Student,0,1,0,0,0,1,0,0,0,0,0,0,1
NAGALAND,2004,Unemployed,0,2,3,0,0,5,0,0,0,0,0,0,5
NAGALAND,2004,Self-employed (Business activity),0,0,0,0,0,0,0,0,0,0,0,0,0
NAGALAND,2004,Professional Activity,0,0,0,0,0,0,0,0,0,0,0,0,0
NAGALAND,2004,Farming/Agriculture Activity,0,0,0,0,0,0,0,0,0,0,0,0,0
NAGALAND,2004,Others (Please Specify),0,4,5,2,0,11,0,4,2,0,0,6,17
NAGALAND,2004,Retired Person,0,0,0,0,0,0,0,0,0,0,0,0,0
NAGALAND,2004,Others (Please Specify),0,0,0,0,0,0,0,0,0,0,0,0,0
NAGALAND,2004,Total,0,10,13,2,0,25,0,4,2,0,0,6,31
NAGALAND,2004,Total Salaried,0,3,5,0,0,8,0,0,0,0,0,0,8
NAGALAND,2004,Total Self-employed,0,4,5,2,0,11,0,4,2,0,0,6,17
ODISHA,2004,House Wife,0,0,0,0,0,0,0,291,214,103,12,620,620
ODISHA,2004,Service (Government),0,9,16,10,0,35,0,1,3,2,0,6,41
ODISHA,2004,Service (Private),0,30,75,52,5,162,0,25,20,4,10,59,221
ODISHA,2004,Public Sector Undertaking,0,22,24,24,0,70,0,9,9,3,0,21,91
ODISHA,2004,Student,36,91,18,0,0,145,28,87,6,0,0,121,266
ODISHA,2004,Unemployed,8,99,102,37,1,247,13,46,29,15,1,104,351
ODISHA,2004,Self-employed (Business activity),0,61,124,56,10,251,0,8,10,2,0,20,271
ODISHA,2004,Professional Activity,0,10,27,20,4,61,0,0,7,0,4,11,72
ODISHA,2004,Farming/Agriculture Activity,0,88,109,75,27,299,1,34,33,10,2,80,379
ODISHA,2004,Others (Please Specify),22,239,270,260,100,891,26,228,110,54,32,450,1341
ODISHA,2004,Retired Person,0,0,0,1,29,30,0,0,0,7,0,7,37
ODISHA,2004,Others (Please Specify),18,98,139,81,17,353,11,56,55,27,23,172,525
ODISHA,2004,Total,84,747,904,616,193,2544,79,785,496,227,84,1671,4215
ODISHA,2004,Total Salaried,0,61,115,86,5,267,0,35,32,9,10,86,353
ODISHA,2004,Total Self-employed,22,398,530,411,141,1502,27,270,160,66,38,561,2063
PUNJAB,2004,House Wife,0,0,0,0,0,0,0,29,25,3,5,62,62
PUNJAB,2004,Service (Government),0,4,11,1,0,16,0,0,0,0,0,0,16
PUNJAB,2004,Service (Private),0,14,11,6,0,31,2,6,2,0,0,10,41
PUNJAB,2004,Public Sector Undertaking,0,4,12,2,0,18,0,3,0,0,0,3,21
PUNJAB,2004,Student,4,5,0,0,0,9,11,6,0,0,0,17,26
PUNJAB,2004,Unemployed,0,13,10,23,0,46,0,6,4,0,0,10,56
PUNJAB,2004,Self-employed (Business activity),0,7,9,12,0,28,0,0,0,0,0,0,28
PUNJAB,2004,Professional Activity,0,11,8,5,2,26,0,0,0,0,0,0,26
PUNJAB,2004,Farming/Agriculture Activity,0,21,29,18,5,73,0,1,0,0,0,1,74
PUNJAB,2004,Others (Please Specify),0,54,61,21,16,152,0,2,2,0,0,4,156
PUNJAB,2004,Retired Person,0,0,0,5,3,8,0,0,0,0,0,0,8
PUNJAB,2004,Others (Please Specify),0,53,32,11,13,109,1,5,6,10,0,22,131
PUNJAB,2004,Total,4,186,183,104,39,516,14,58,39,13,5,129,645
PUNJAB,2004,Total Salaried,0,22,34,9,0,65,2,9,2,0,0,13,78
PUNJAB,2004,Total Self-employed,0,93,107,56,23,279,0,3,2,0,0,5,284
RAJASTHAN,2004,House Wife,0,0,0,0,0,0,10,370,333,123,32,868,868
RAJASTHAN,2004,Service (Government),0,4,13,7,0,24,0,1,1,0,0,2,26
RAJASTHAN,2004,Service (Private),0,103,126,47,2,278,0,12,6,6,0,24,302
RAJASTHAN,2004,Public Sector Undertaking,0,19,13,5,0,37,0,2,2,0,0,4,41
RAJASTHAN,2004,Student,30,60,8,0,0,98,10,36,3,0,0,49,147
RAJASTHAN,2004,Unemployed,0,85,79,14,4,182,0,3,1,1,0,5,187
RAJASTHAN,2004,Self-employed (Business activity),0,29,48,22,10,109,0,1,1,2,0,4,113
RAJASTHAN,2004,Professional Activity,0,11,11,7,3,32,0,0,0,0,0,0,32
RAJASTHAN,2004,Farming/Agriculture Activity,1,207,286,154,27,675,0,27,29,14,4,74,749
RAJASTHAN,2004,Others (Please Specify),5,162,157,113,34,471,3,43,19,17,2,84,555
RAJASTHAN,2004,Retired Person,0,0,0,2,0,2,0,0,0,0,0,0,2
RAJASTHAN,2004,Others (Please Specify),30,171,190,128,59,578,20,47,32,12,14,125,703
RAJASTHAN,2004,Total,66,851,931,499,139,2486,43,542,427,175,52,1239,3725
RAJASTHAN,2004,Total Salaried,0,126,152,59,2,339,0,15,9,6,0,30,369
RAJASTHAN,2004,Total Self-employed,6,409,502,296,74,1287,3,71,49,33,6,162,1449
SIKKIM,2004,House Wife,0,0,0,0,0,0,0,0,2,7,2,11,11
SIKKIM,2004,Service (Government),0,0,3,0,0,3,0,0,0,0,0,0,3
SIKKIM,2004,Service (Private),0,0,4,2,0,6,0,0,0,0,0,0,6
SIKKIM,2004,Public Sector Undertaking,0,0,0,0,0,0,0,0,0,0,0,0,0
SIKKIM,2004,Student,0,0,0,0,0,0,0,0,0,0,0,0,0
SIKKIM,2004,Unemployed,0,0,2,0,0,2,0,0,2,0,2,4,6
SIKKIM,2004,Self-employed (Business activity),0,0,0,0,0,0,0,0,0,0,0,0,0
SIKKIM,2004,Professional Activity,0,0,3,1,2,6,0,0,0,1,1,2,8
SIKKIM,2004,Farming/Agriculture Activity,0,0,3,6,21,30,0,0,4,7,8,19,49
SIKKIM,2004,Others (Please Specify),0,0,0,2,3,5,0,0,0,0,5,5,10
SIKKIM,2004,Retired Person,0,0,0,0,0,0,0,0,0,0,0,0,0
SIKKIM,2004,Others (Please Specify),0,0,2,2,0,4,0,0,1,0,0,1,5
SIKKIM,2004,Total,0,0,17,13,26,56,0,0,9,15,18,42,98
SIKKIM,2004,Total Salaried,0,0,7,2,0,9,0,0,0,0,0,0,9
SIKKIM,2004,Total Self-employed,0,0,6,9,26,41,0,0,4,8,14,26,67
TAMIL NADU,2004,House Wife,0,0,0,0,0,0,0,698,766,485,163,2112,2112
TAMIL NADU,2004,Service (Government),0,34,67,54,0,155,0,3,18,23,0,44,199
TAMIL NADU,2004,Service (Private),0,215,301,268,48,832,3,83,102,57,6,251,1083
TAMIL NADU,2004,Public Sector Undertaking,0,60,94,63,10,227,0,13,30,23,7,73,300
TAMIL NADU,2004,Student,74,158,15,0,0,247,55,163,7,1,0,226,473
TAMIL NADU,2004,Unemployed,7,358,435,350,91,1241,3,207,137,93,18,458,1699
TAMIL NADU,2004,Self-employed (Business activity),3,180,294,271,64,812,0,23,18,17,0,58,870
TAMIL NADU,2004,Professional Activity,2,77,102,75,19,275,0,26,22,8,1,57,332
TAMIL NADU,2004,Farming/Agriculture Activity,7,318,457,329,186,1297,13,124,98,45,22,302,1599
TAMIL NADU,2004,Others (Please Specify),6,372,497,360,191,1426,6,221,163,142,38,570,1996
TAMIL NADU,2004,Retired Person,0,0,0,5,84,89,0,0,0,2,15,17,106
TAMIL NADU,2004,Others (Please Specify),91,248,491,395,120,1345,96,253,194,125,57,725,2070
TAMIL NADU,2004,Total,190,2020,2753,2170,813,7946,176,1814,1555,1021,327,4893,12839
TAMIL NADU,2004,Total Salaried,0,309,462,385,58,1214,3,99,150,103,13,368,1582
TAMIL NADU,2004,Total Self-employed,18,947,1350,1035,460,3810,19,394,301,212,61,987,4797
TRIPURA,2004,House Wife,0,0,0,0,0,0,4,85,51,7,5,152,152
TRIPURA,2004,Service (Government),0,3,5,0,0,8,0,0,3,0,0,3,11
TRIPURA,2004,Service (Private),0,2,4,3,2,11,0,0,3,0,0,3,14
TRIPURA,2004,Public Sector Undertaking,0,0,2,2,0,4,0,0,0,0,0,0,4
TRIPURA,2004,Student,4,42,0,0,0,46,18,46,0,0,0,64,110
TRIPURA,2004,Unemployed,0,73,57,39,5,174,0,41,33,8,0,82,256
TRIPURA,2004,Self-employed (Business activity),0,12,11,5,3,31,0,2,0,0,0,2,33
TRIPURA,2004,Professional Activity,0,16,11,4,0,31,0,0,0,0,0,0,31
TRIPURA,2004,Farming/Agriculture Activity,0,5,7,2,1,15,0,0,0,0,0,0,15
TRIPURA,2004,Others (Please Specify),0,22,16,6,2,46,0,3,7,1,2,13,59
TRIPURA,2004,Retired Person,0,0,0,0,0,0,0,0,0,0,0,0,0
TRIPURA,2004,Others (Please Specify),1,29,21,16,0,67,0,6,8,4,0,18,85
TRIPURA,2004,Total,5,204,134,77,13,433,22,183,105,20,7,337,770
TRIPURA,2004,Total Salaried,0,5,11,5,2,23,0,0,6,0,0,6,29
TRIPURA,2004,Total Self-employed,0,55,45,17,6,123,0,5,7,1,2,15,138
UTTAR PRADESH,2004,House Wife,0,0,0,0,0,0,26,643,290,104,27,1090,1090
UTTAR PRADESH,2004,Service (Government),0,12,13,5,0,30,0,2,0,0,0,2,32
UTTAR PRADESH,2004,Service (Private),0,54,75,23,3,155,0,32,29,12,0,73,228
UTTAR PRADESH,2004,Public Sector Undertaking,0,42,26,13,2,83,0,14,14,9,0,37,120
UTTAR PRADESH,2004,Student,28,92,8,0,0,128,20,53,0,0,0,73,201
UTTAR PRADESH,2004,Unemployed,2,135,103,42,13,295,2,57,27,3,3,92,387
UTTAR PRADESH,2004,Self-employed (Business activity),0,38,54,24,1,117,0,3,5,2,0,10,127
UTTAR PRADESH,2004,Professional Activity,0,33,26,21,0,80,0,1,5,1,0,7,87
UTTAR PRADESH,2004,Farming/Agriculture Activity,8,128,151,93,21,401,0,51,31,9,4,95,496
UTTAR PRADESH,2004,Others (Please Specify),19,136,125,76,28,384,8,61,28,35,22,154,538
UTTAR PRADESH,2004,Retired Person,0,0,2,2,13,17,0,0,0,1,3,4,21
UTTAR PRADESH,2004,Others (Please Specify),28,67,64,56,49,264,11,5,17,8,5,46,310
UTTAR PRADESH,2004,Total,85,737,647,355,130,1954,67,922,446,184,64,1683,3637
UTTAR PRADESH,2004,Total Salaried,0,108,114,41,5,268,0,48,43,21,0,112,380
UTTAR PRADESH,2004,Total Self-employed,27,335,356,214,50,982,8,116,69,47,26,266,1248
UTTARAKHAND,2004,House Wife,0,0,0,0,0,0,0,37,18,8,0,63,63
UTTARAKHAND,2004,Service (Government),0,0,5,2,0,7,0,0,0,0,0,0,7
UTTARAKHAND,2004,Service (Private),0,10,6,2,0,18,0,2,1,0,0,3,21
UTTARAKHAND,2004,Public Sector Undertaking,0,0,0,0,0,0,0,0,0,0,0,0,0
UTTARAKHAND,2004,Student,1,6,0,0,0,7,0,9,0,0,0,9,16
UTTARAKHAND,2004,Unemployed,0,10,10,5,1,26,0,1,0,0,0,1,27
UTTARAKHAND,2004,Self-employed (Business activity),0,2,3,3,0,8,0,0,0,0,0,0,8
UTTARAKHAND,2004,Professional Activity,0,0,0,0,0,0,0,0,1,0,0,1,1
UTTARAKHAND,2004,Farming/Agriculture Activity,0,2,11,4,1,18,0,3,1,0,0,4,22
UTTARAKHAND,2004,Others (Please Specify),1,6,8,3,3,21,0,1,0,2,0,3,24
UTTARAKHAND,2004,Retired Person,0,0,1,0,0,1,0,0,0,0,0,0,1
UTTARAKHAND,2004,Others (Please Specify),6,23,9,2,2,42,2,2,1,0,0,5,47
UTTARAKHAND,2004,Total,8,59,53,21,7,148,2,55,22,10,0,89,237
UTTARAKHAND,2004,Total Salaried,0,10,11,4,0,25,0,2,1,0,0,3,28
UTTARAKHAND,2004,Total Self-employed,1,10,22,10,4,47,0,4,2,2,0,8,55
WEST BENGAL,2004,House Wife,0,0,0,0,0,0,0,1577,1224,480,71,3352,3352
WEST BENGAL,2004,Service (Government),0,15,65,45,0,125,0,9,11,6,0,26,151
WEST BENGAL,2004,Service (Private),0,122,263,212,0,597,0,37,20,20,0,77,674
WEST BENGAL,2004,Public Sector Undertaking,0,162,243,246,0,651,0,13,27,26,0,66,717
WEST BENGAL,2004,Student,119,318,11,0,0,448,145,212,4,0,0,361,809
WEST BENGAL,2004,Unemployed,0,371,270,72,0,713,0,68,74,16,0,158,871
WEST BENGAL,2004,Self-employed (Business activity),0,127,271,300,48,746,0,1,20,5,0,26,772
WEST BENGAL,2004,Professional Activity,0,71,70,136,9,286,0,2,4,2,1,9,295
WEST BENGAL,2004,Farming/Agriculture Activity,0,220,298,250,29,797,2,7,10,6,0,25,822
WEST BENGAL,2004,Others (Please Specify),27,357,368,256,107,1115,15,160,126,133,85,519,1634
WEST BENGAL,2004,Retired Person,0,0,0,0,218,218,0,0,0,3,10,13,231
WEST BENGAL,2004,Others (Please Specify),138,592,691,392,152,1965,127,284,416,219,85,1131,3096
WEST BENGAL,2004,Total,284,2355,2550,1909,563,7661,289,2370,1936,916,252,5763,13424
WEST BENGAL,2004,Total Salaried,0,299,571,503,0,1373,0,59,58,52,0,169,1542
WEST BENGAL,2004,Total Self-employed,27,775,1007,942,193,2944,17,170,160,146,86,579,3523
TOTAL (STATES),2004,House Wife,0,0,0,0,0,0,48,10395,7638,3356,1304,22741,22741
TOTAL (STATES),2004,Service (Government),0,365,753,433,17,1568,0,96,94,55,0,245,1813
TOTAL (STATES),2004,Service (Private),11,1831,2661,1572,209,6284,6,524,392,175,27,1124,7408
TOTAL (STATES),2004,Public Sector Undertaking,0,527,728,499,40,1794,0,135,154,82,8,379,2173
TOTAL (STATES),2004,Student,633,2227,170,0,0,3030,609,1755,44,1,1,2410,5440
TOTAL (STATES),2004,Unemployed,40,2938,2705,1381,428,7492,29,798,476,213,96,1612,9104
TOTAL (STATES),2004,Self-employed (Business activity),18,1385,2100,1472,395,5370,3,134,132,71,7,347,5717
TOTAL (STATES),2004,Professional Activity,5,695,921,655,142,2418,1,83,83,44,27,238,2656
TOTAL (STATES),2004,Farming/Agriculture Activity,26,4050,5947,4091,1672,15786,50,904,762,406,163,2285,18071
TOTAL (STATES),2004,Others (Please Specify),160,3978,5289,3954,1647,15028,203,1653,1142,748,408,4154,19182
TOTAL (STATES),2004,Retired Person,0,0,28,118,669,815,0,0,0,42,74,116,931
TOTAL (STATES),2004,Others (Please Specify),554,3132,4075,2642,1368,11771,475,1600,1327,831,413,4646,16417
TOTAL (STATES),2004,Total,1447,21128,25377,16817,6587,71356,1424,18077,12244,6024,2528,40297,111653
TOTAL (STATES),2004,Total Salaried,11,2723,4142,2504,266,9646,6,755,640,312,35,1748,11394
TOTAL (STATES),2004,Total Self-employed,209,10108,14257,10172,3856,38602,257,2774,2119,1269,605,7024,45626
A & N ISLANDS,2004,House Wife,0,0,0,0,0,0,0,10,11,3,1,25,25
A & N ISLANDS,2004,Service (Government),0,4,7,7,0,18,0,0,2,0,0,2,20
A & N ISLANDS,2004,Service (Private),0,13,13,6,4,36,0,1,0,0,0,1,37
A & N ISLANDS,2004,Public Sector Undertaking,0,0,0,0,0,0,0,0,0,0,0,0,0
A & N ISLANDS,2004,Student,0,8,0,0,0,8,1,7,0,0,0,8,16
A & N ISLANDS,2004,Unemployed,0,0,0,0,0,0,0,1,0,0,0,1,1
A & N ISLANDS,2004,Self-employed (Business activity),0,2,2,0,0,4,0,0,0,0,0,0,4
A & N ISLANDS,2004,Professional Activity,0,1,0,1,0,2,0,0,0,0,0,0,2
A & N ISLANDS,2004,Farming/Agriculture Activity,0,1,0,0,2,3,0,0,0,0,0,0,3
A & N ISLANDS,2004,Others (Please Specify),0,0,0,0,0,0,0,1,0,0,0,1,1
A & N ISLANDS,2004,Retired Person,0,0,0,0,2,2,0,0,0,0,0,0,2
A & N ISLANDS,2004,Others (Please Specify),0,5,2,0,1,8,0,3,0,0,0,3,11
A & N ISLANDS,2004,Total,0,34,24,14,9,81,1,23,13,3,1,41,122
A & N ISLANDS,2004,Total Salaried,0,17,20,13,4,54,0,1,2,0,0,3,57
A & N ISLANDS,2004,Total Self-employed,0,4,2,1,2,9,0,1,0,0,0,1,10
CHANDIGARH,2004,House Wife,0,0,0,0,0,0,0,10,2,0,0,12,12
CHANDIGARH,2004,Service (Government),0,0,3,0,0,3,0,0,0,1,0,1,4
CHANDIGARH,2004,Service (Private),0,6,4,1,0,11,0,0,0,0,0,0,11
CHANDIGARH,2004,Public Sector Undertaking,0,0,0,0,0,0,0,0,0,0,0,0,0
CHANDIGARH,2004,Student,0,5,0,0,0,5,0,8,0,0,0,8,13
CHANDIGARH,2004,Unemployed,0,8,3,1,0,12,0,1,0,0,0,1,13
CHANDIGARH,2004,Self-employed (Business activity),0,0,4,0,0,4,0,0,0,0,0,0,4
CHANDIGARH,2004,Professional Activity,0,0,0,1,0,1,0,0,0,0,0,0,1
CHANDIGARH,2004,Farming/Agriculture Activity,0,0,0,0,0,0,0,0,0,0,0,0,0
CHANDIGARH,2004,Others (Please Specify),0,3,5,4,0,12,0,0,0,0,0,0,12
CHANDIGARH,2004,Retired Person,0,0,0,0,0,0,0,0,0,0,0,0,0
CHANDIGARH,2004,Others (Please Specify),0,1,2,0,1,4,0,0,0,1,0,1,5
CHANDIGARH,2004,Total,0,23,21,7,1,52,0,19,2,2,0,23,75
CHANDIGARH,2004,Total Salaried,0,6,7,1,0,14,0,0,0,1,0,1,15
CHANDIGARH,2004,Total Self-employed,0,3,9,5,0,17,0,0,0,0,0,0,17
D & N HAVELI,2004,House Wife,0,0,0,0,0,0,0,9,5,1,1,16,16
D & N HAVELI,2004,Service (Government),0,0,0,0,0,0,0,0,0,0,0,0,0
D & N HAVELI,2004,Service (Private),0,2,1,1,0,4,0,1,0,0,0,1,5
D & N HAVELI,2004,Public Sector Undertaking,0,0,0,0,0,0,0,0,0,0,0,0,0
D & N HAVELI,2004,Student,0,0,0,0,0,0,0,2,0,0,0,2,2
D & N HAVELI,2004,Unemployed,0,2,1,0,0,3,0,0,0,0,0,0,3
D & N HAVELI,2004,Self-employed (Business activity),0,0,1,0,0,1,0,0,0,0,0,0,1
D & N HAVELI,2004,Professional Activity,0,0,0,0,0,0,0,0,0,0,0,0,0
D & N HAVELI,2004,Farming/Agriculture Activity,0,2,2,2,1,7,0,0,0,0,0,0,7
D & N HAVELI,2004,Others (Please Specify),0,1,1,1,2,5,0,0,0,0,0,0,5
D & N HAVELI,2004,Retired Person,0,0,0,0,0,0,0,0,0,0,0,0,0
D & N HAVELI,2004,Others (Please Specify),0,0,0,0,0,0,0,0,0,0,0,0,0
D & N HAVELI,2004,Total,0,7,6,4,3,20,0,12,5,1,1,19,39
D & N HAVELI,2004,Total Salaried,0,2,1,1,0,4,0,1,0,0,0,1,5
D & N HAVELI,2004,Total Self-employed,0,3,4,3,3,13,0,0,0,0,0,0,13
DAMAN & DIU,2004,House Wife,0,0,0,0,0,0,0,5,0,0,0,5,5
DAMAN & DIU,2004,Service (Government),0,0,0,0,0,0,0,0,0,0,0,0,0
DAMAN & DIU,2004,Service (Private),0,1,0,0,0,1,0,2,0,0,0,2,3
DAMAN & DIU,2004,Public Sector Undertaking,0,0,0,0,0,0,0,0,0,0,0,0,0
DAMAN & DIU,2004,Student,0,0,0,0,0,0,0,0,0,0,0,0,0
DAMAN & DIU,2004,Unemployed,0,0,0,0,0,0,0,0,0,0,0,0,0
DAMAN & DIU,2004,Self-employed (Business activity),0,0,0,0,0,0,0,0,0,0,0,0,0
DAMAN & DIU,2004,Professional Activity,0,0,0,0,0,0,0,0,0,0,0,0,0
DAMAN & DIU,2004,Farming/Agriculture Activity,0,0,1,1,0,2,0,0,0,0,0,0,2
DAMAN & DIU,2004,Others (Please Specify),0,0,0,0,0,0,0,0,0,0,0,0,0
DAMAN & DIU,2004,Retired Person,0,0,0,0,0,0,0,0,0,0,0,0,0
DAMAN & DIU,2004,Others (Please Specify),0,0,2,0,0,2,0,1,0,0,0,1,3
DAMAN & DIU,2004,Total,0,1,3,1,0,5,0,8,0,0,0,8,13
DAMAN & DIU,2004,Total Salaried,0,1,0,0,0,1,0,2,0,0,0,2,3
DAMAN & DIU,2004,Total Self-employed,0,0,1,1,0,2,0,0,0,0,0,0,2
DELHI (UT),2004,House Wife,0,0,0,0,0,0,0,158,78,16,14,266,266
DELHI (UT),2004,Service (Government),0,1,9,4,0,14,0,0,0,0,0,0,14
DELHI (UT),2004,Service (Private),0,88,84,24,3,199,0,4,2,0,0,6,205
DELHI (UT),2004,Public Sector Undertaking,0,5,3,2,1,11,0,3,1,0,0,4,15
DELHI (UT),2004,Student,15,42,0,0,0,57,12,41,0,0,0,53,110
DELHI (UT),2004,Unemployed,2,112,101,33,6,254,1,42,18,3,2,66,320
DELHI (UT),2004,Self-employed (Business activity),0,15,9,6,1,31,0,0,0,0,0,0,31
DELHI (UT),2004,Professional Activity,0,3,2,0,0,5,0,0,0,0,0,0,5
DELHI (UT),2004,Farming/Agriculture Activity,0,1,3,5,3,12,0,0,0,1,0,1,13
DELHI (UT),2004,Others (Please Specify),1,55,62,26,4,148,3,22,16,2,0,43,191
DELHI (UT),2004,Retired Person,0,0,0,0,2,2,0,0,0,0,0,0,2
DELHI (UT),2004,Others (Please Specify),1,20,25,20,0,66,1,13,2,2,0,18,84
DELHI (UT),2004,Total,19,342,298,120,20,799,17,283,117,24,16,457,1256
DELHI (UT),2004,Total Salaried,0,94,96,30,4,224,0,7,3,0,0,10,234
DELHI (UT),2004,Total Self-employed,1,74,76,37,8,196,3,22,16,3,0,44,240
LAKSHADWEEP,2004,House Wife,0,0,0,0,0,0,0,0,0,0,0,0,0
LAKSHADWEEP,2004,Service (Government),0,0,0,0,0,0,0,0,0,0,0,0,0
LAKSHADWEEP,2004,Service (Private),0,0,0,0,0,0,0,0,0,0,0,0,0
LAKSHADWEEP,2004,Public Sector Undertaking,0,0,0,0,0,0,0,0,0,0,0,0,0
LAKSHADWEEP,2004,Student,0,0,0,0,0,0,0,0,0,0,0,0,0
LAKSHADWEEP,2004,Unemployed,0,0,0,0,0,0,0,0,0,0,0,0,0
LAKSHADWEEP,2004,Self-employed (Business activity),0,0,0,0,0,0,0,0,0,0,0,0,0
LAKSHADWEEP,2004,Professional Activity,0,0,0,0,0,0,0,0,0,0,0,0,0
LAKSHADWEEP,2004,Farming/Agriculture Activity,0,0,0,0,0,0,0,0,0,0,0,0,0
LAKSHADWEEP,2004,Others (Please Specify),0,0,0,0,0,0,0,0,0,0,0,0,0
LAKSHADWEEP,2004,Retired Person,0,0,0,0,0,0,0,0,0,0,0,0,0
LAKSHADWEEP,2004,Others (Please Specify),0,0,0,0,0,0,0,0,0,0,0,0,0
LAKSHADWEEP,2004,Total,0,0,0,0,0,0,0,0,0,0,0,0,0
LAKSHADWEEP,2004,Total Salaried,0,0,0,0,0,0,0,0,0,0,0,0,0
LAKSHADWEEP,2004,Total Self-employed,0,0,0,0,0,0,0,0,0,0,0,0,0
PUDUCHERRY,2004,House Wife,0,0,0,0,0,0,0,38,45,14,8,105,105
PUDUCHERRY,2004,Service (Government),0,1,7,11,0,19,0,2,0,2,0,4,23
PUDUCHERRY,2004,Service (Private),0,13,10,5,0,28,0,3,0,0,0,3,31
PUDUCHERRY,2004,Public Sector Undertaking,0,0,0,0,0,0,0,0,0,0,0,0,0
PUDUCHERRY,2004,Student,1,7,0,0,0,8,4,17,0,0,0,21,29
PUDUCHERRY,2004,Unemployed,0,21,9,9,19,58,0,26,6,2,5,39,97
PUDUCHERRY,2004,Self-employed (Business activity),0,3,8,8,0,19,0,0,1,0,0,1,20
PUDUCHERRY,2004,Professional Activity,0,7,13,3,2,25,0,0,0,0,0,0,25
PUDUCHERRY,2004,Farming/Agriculture Activity,0,21,44,48,6,119,0,11,11,2,2,26,145
PUDUCHERRY,2004,Others (Please Specify),0,1,5,6,1,13,0,0,1,0,0,1,14
PUDUCHERRY,2004,Retired Person,0,0,0,2,2,4,0,0,0,0,0,0,4
PUDUCHERRY,2004,Others (Please Specify),0,8,25,10,2,45,0,0,1,0,0,1,46
PUDUCHERRY,2004,Total,1,82,121,102,32,338,4,97,65,20,15,201,539
PUDUCHERRY,2004,Total Salaried,0,14,17,16,0,47,0,5,0,2,0,7,54
PUDUCHERRY,2004,Total Self-employed,0,32,70,65,9,176,0,11,13,2,2,28,204
TOTAL (UTs),2004,House Wife,0,0,0,0,0,0,0,230,141,34,24,429,429
TOTAL (UTs),2004,Service (Government),0,6,26,22,0,54,0,2,2,3,0,7,61
TOTAL (UTs),2004,Service (Private),0,123,112,37,7,279,0,11,2,0,0,13,292
TOTAL (UTs),2004,Public Sector Undertaking,0,5,3,2,1,11,0,3,1,0,0,4,15
TOTAL (UTs),2004,Student,16,62,0,0,0,78,17,75,0,0,0,92,170
TOTAL (UTs),2004,Unemployed,2,143,114,43,25,327,1,70,24,5,7,107,434
TOTAL (UTs),2004,Self-employed (Business activity),0,20,24,14,1,59,0,0,1,0,0,1,60
TOTAL (UTs),2004,Professional Activity,0,11,15,5,2,33,0,0,0,0,0,0,33
TOTAL (UTs),2004,Farming/Agriculture Activity,0,25,50,56,12,143,0,11,11,3,2,27,170
TOTAL (UTs),2004,Others (Please Specify),1,60,73,37,7,178,3,23,17,2,0,45,223
TOTAL (UTs),2004,Retired Person,0,0,0,2,6,8,0,0,0,0,0,0,8
TOTAL (UTs),2004,Others (Please Specify),1,34,56,30,4,125,1,17,3,3,0,24,149
TOTAL (UTs),2004,Total,20,489,473,248,65,1295,22,442,202,50,33,749,2044
TOTAL (UTs),2004,Total Salaried,0,134,141,61,8,344,0,16,5,3,0,24,368
TOTAL (UTs),2004,Total Self-employed,1,116,162,112,22,413,3,34,29,5,2,73,486
TOTAL (ALL INDIA),2004,House Wife,0,0,0,0,0,0,48,10625,7779,3390,1328,23170,23170
TOTAL (ALL INDIA),2004,Service (Government),0,371,779,455,17,1622,0,98,96,58,0,252,1874
TOTAL (ALL INDIA),2004,Service (Private),11,1954,2773,1609,216,6563,6,535,394,175,27,1137,7700
TOTAL (ALL INDIA),2004,Public Sector Undertaking,0,532,731,501,41,1805,0,138,155,82,8,383,2188
TOTAL (ALL INDIA),2004,Student,649,2289,170,0,0,3108,626,1830,44,1,1,2502,5610
TOTAL (ALL INDIA),2004,Unemployed,42,3081,2819,1424,453,7819,30,868,500,218,103,1719,9538
TOTAL (ALL INDIA),2004,Self-employed (Business activity),18,1405,2124,1486,396,5429,3,134,133,71,7,348,5777
TOTAL (ALL INDIA),2004,Professional Activity,5,706,936,660,144,2451,1,83,83,44,27,238,2689
TOTAL (ALL INDIA),2004,Farming/Agriculture Activity,26,4075,5997,4147,1684,15929,50,915,773,409,165,2312,18241
TOTAL (ALL INDIA),2004,Others (Please Specify),161,4038,5362,3991,1654,15206,206,1676,1159,750,408,4199,19405
TOTAL (ALL INDIA),2004,Retired Person,0,0,28,120,675,823,0,0,0,42,74,116,939
TOTAL (ALL INDIA),2004,Others (Please Specify),555,3166,4131,2672,1372,11896,476,1617,1330,834,413,4670,16566
TOTAL (ALL INDIA),2004,Total,1467,21617,25850,17065,6652,72651,1446,18519,12446,6074,2561,41046,113697
TOTAL (ALL INDIA),2004,Total Salaried,11,2857,4283,2565,274,9990,6,771,645,315,35,1772,11762
TOTAL (ALL INDIA),2004,Total Self-employed,210,10224,14419,10284,3878,39015,260,2808,2148,1274,607,7097,46112
