STATE/UT,Year,CAUSE,Male upto 14 years,Male 15-29 years,Male 30-44 years,Male 45-59 years,Male 60 years and above,Total Male,Female upto 14 years,Female 15-29 years,Female 30-44 years,Female 45-59 years,Female 60 years and above,Total Female,Grand Total
ANDHRA PRADESH,2002,House Wife,0,0,0,0,0,0,0,1009,773,319,91,2192,2192
ANDHRA PRADESH,2002,Service (Government),0,19,56,25,0,100,0,6,10,5,0,21,121
ANDHRA PRADESH,2002,Service (Private),0,248,248,126,7,629,0,44,24,15,4,87,716
ANDHRA PRADESH,2002,Public Sector Undertaking,0,32,47,45,3,127,0,14,13,3,4,34,161
ANDHRA PRADESH,2002,Student,48,238,15,2,0,303,72,134,2,0,0,208,511
ANDHRA PRADESH,2002,Unemployed,0,276,283,115,0,674,0,114,37,18,0,169,843
ANDHRA PRADESH,2002,Self-employed (Business activity),12,142,272,224,58,708,10,9,41,20,9,89,797
ANDHRA PRADESH,2002,Professional Activity,0,74,129,124,45,372,0,7,18,24,5,54,426
ANDHRA PRADESH,2002,Farming/Agriculture Activity,2,448,609,443,127,1629,2,85,119,53,8,267,1896
ANDHRA PRADESH,2002,Others (Please Specify),21,292,402,308,121,1144,7,93,131,71,50,352,1496
ANDHRA PRADESH,2002,Retired Person,0,0,3,16,17,36,0,0,0,0,0,0,36
ANDHRA PRADESH,2002,Others (Please Specify),18,404,767,507,153,1849,48,289,206,44,62,649,2498
ANDHRA PRADESH,2002,Total,101,2173,2831,1935,531,7571,139,1804,1374,572,233,4122,11693
ANDHRA PRADESH,2002,Total Salaried,0,299,351,196,10,856,0,64,47,23,8,142,998
ANDHRA PRADESH,2002,Total Self-employed,35,956,1412,1099,351,3853,19,194,309,168,72,762,4615
ARUNACHAL PRADESH,2002,House Wife,0,0,0,0,0,0,0,14,11,1,1,27,27
ARUNACHAL PRADESH,2002,Service (Government),0,5,9,1,0,15,0,0,0,0,0,0,15
ARUNACHAL PRADESH,2002,Service (Private),0,2,9,2,0,13,0,0,0,0,0,0,13
ARUNACHAL PRADESH,2002,Public Sector Undertaking,0,0,0,0,0,0,0,0,0,0,0,0,0
ARUNACHAL PRADESH,2002,Student,1,3,0,0,0,4,1,4,0,0,0,5,9
ARUNACHAL PRADESH,2002,Unemployed,0,1,0,1,0,2,0,4,0,0,0,4,6
ARUNACHAL PRADESH,2002,Self-employed (Business activity),0,4,7,3,0,14,0,1,0,0,0,1,15
ARUNACHAL PRADESH,2002,Professional Activity,0,0,1,0,0,1,0,0,0,0,0,0,1
ARUNACHAL PRADESH,2002,Farming/Agriculture Activity,0,5,12,1,3,21,1,5,0,0,0,6,27
ARUNACHAL PRADESH,2002,Others (Please Specify),0,0,0,0,0,0,0,0,0,0,0,0,0
ARUNACHAL PRADESH,2002,Retired Person,0,0,0,1,0,1,0,0,0,0,0,0,1
ARUNACHAL PRADESH,2002,Others (Please Specify),0,0,0,0,0,0,0,0,0,0,0,0,0
ARUNACHAL PRADESH,2002,Total,1,20,38,9,3,71,2,28,11,1,1,43,114
ARUNACHAL PRADESH,2002,Total Salaried,0,7,18,3,0,28,0,0,0,0,0,0,28
ARUNACHAL PRADESH,2002,Total Self-employed,0,9,20,4,3,36,1,6,0,0,0,7,43
ASSAM,2002,House Wife,0,0,0,0,0,0,0,221,178,67,19,485,485
ASSAM,2002,Service (Government),0,4,4,6,0,14,0,1,3,0,0,4,18
ASSAM,2002,Service (Private),0,26,36,15,2,79,0,4,4,4,0,12,91
ASSAM,2002,Public Sector Undertaking,0,25,20,17,2,64,0,5,2,1,0,8,72
ASSAM,2002,Student,7,77,3,1,0,88,10,19,0,0,0,29,117
ASSAM,2002,Unemployed,0,69,127,28,7,231,0,20,6,5,0,31,262
ASSAM,2002,Self-employed (Business activity),0,73,106,60,0,239,0,11,6,3,0,20,259
ASSAM,2002,Professional Activity,0,13,17,12,0,42,0,0,0,0,0,0,42
ASSAM,2002,Farming/Agriculture Activity,0,62,112,69,5,248,0,13,7,3,0,23,271
ASSAM,2002,Others (Please Specify),6,138,151,127,15,437,5,56,40,20,2,123,560
ASSAM,2002,Retired Person,0,0,0,0,6,6,0,0,0,0,0,0,6
ASSAM,2002,Others (Please Specify),10,77,104,46,17,254,9,26,29,5,4,73,327
ASSAM,2002,Total,23,564,680,381,54,1702,24,376,275,108,25,808,2510
ASSAM,2002,Total Salaried,0,55,60,38,4,157,0,10,9,5,0,24,181
ASSAM,2002,Total Self-employed,6,286,386,268,20,966,5,80,53,26,2,166,1132
BIHAR,2002,House Wife,0,0,0,0,0,0,0,70,52,22,4,148,148
BIHAR,2002,Service (Government),0,0,3,3,0,6,0,0,0,0,0,0,6
BIHAR,2002,Service (Private),0,4,3,0,1,8,0,5,3,0,0,8,16
BIHAR,2002,Public Sector Undertaking,0,0,0,1,0,1,0,0,0,0,0,0,1
BIHAR,2002,Student,5,25,10,0,0,40,6,3,5,0,0,14,54
BIHAR,2002,Unemployed,0,21,31,5,0,57,1,6,4,0,0,11,68
BIHAR,2002,Self-employed (Business activity),0,8,12,6,0,26,0,0,0,0,0,0,26
BIHAR,2002,Professional Activity,0,2,3,0,0,5,0,0,0,0,0,0,5
BIHAR,2002,Farming/Agriculture Activity,0,18,40,8,2,68,0,10,1,1,0,12,80
BIHAR,2002,Others (Please Specify),0,14,26,15,2,57,0,11,4,3,0,18,75
BIHAR,2002,Retired Person,0,0,0,0,1,1,0,0,0,0,0,0,1
BIHAR,2002,Others (Please Specify),18,65,34,30,10,157,6,40,27,9,1,83,240
BIHAR,2002,Total,23,157,162,68,16,426,13,145,96,35,5,294,720
BIHAR,2002,Total Salaried,0,4,6,4,1,15,0,5,3,0,0,8,23
BIHAR,2002,Total Self-employed,0,42,81,29,4,156,0,21,5,4,0,30,186
CHHATTISGARH,2002,House Wife,0,0,0,0,0,0,2,271,210,76,26,585,585
CHHATTISGARH,2002,Service (Government),0,6,34,12,0,52,0,5,7,0,0,12,64
CHHATTISGARH,2002,Service (Private),1,29,56,23,1,110,0,6,5,0,3,14,124
CHHATTISGARH,2002,Public Sector Undertaking,0,17,33,22,9,81,0,3,5,2,0,10,91
CHHATTISGARH,2002,Student,29,87,4,2,0,122,18,51,0,0,0,69,191
CHHATTISGARH,2002,Unemployed,1,97,59,18,4,179,0,25,8,0,0,33,212
CHHATTISGARH,2002,Self-employed (Business activity),0,22,30,11,1,64,0,0,0,0,0,0,64
CHHATTISGARH,2002,Professional Activity,0,17,13,9,2,41,0,9,2,0,0,11,52
CHHATTISGARH,2002,Farming/Agriculture Activity,8,311,357,296,82,1054,0,74,61,40,9,184,1238
CHHATTISGARH,2002,Others (Please Specify),22,69,169,111,38,409,5,58,67,36,19,185,594
CHHATTISGARH,2002,Retired Person,0,0,0,0,7,7,0,0,0,0,0,0,7
CHHATTISGARH,2002,Others (Please Specify),24,139,173,102,72,510,37,92,45,28,16,218,728
CHHATTISGARH,2002,Total,85,794,928,606,216,2629,62,594,410,182,73,1321,3950
CHHATTISGARH,2002,Total Salaried,1,52,123,57,10,243,0,14,17,2,3,36,279
CHHATTISGARH,2002,Total Self-employed,30,419,569,427,123,1568,5,141,130,76,28,380,1948
GOA,2002,House Wife,0,0,0,0,0,0,0,17,13,6,6,42,42
GOA,2002,Service (Government),0,0,2,2,0,4,0,0,3,0,0,3,7
GOA,2002,Service (Private),0,21,25,9,0,55,0,3,4,1,0,8,63
GOA,2002,Public Sector Undertaking,0,0,3,1,0,4,0,0,0,0,0,0,4
GOA,2002,Student,0,8,0,0,0,8,2,7,0,0,0,9,17
GOA,2002,Unemployed,0,21,26,15,3,65,0,5,2,1,0,8,73
GOA,2002,Self-employed (Business activity),0,2,6,3,0,11,0,0,0,0,0,0,11
GOA,2002,Professional Activity,0,0,0,1,1,2,0,0,0,0,0,0,2
GOA,2002,Farming/Agriculture Activity,0,2,4,3,0,9,0,1,1,0,0,2,11
GOA,2002,Others (Please Specify),0,2,7,4,4,17,0,0,0,0,0,0,17
GOA,2002,Retired Person,0,0,0,1,4,5,0,0,0,0,0,0,5
GOA,2002,Others (Please Specify),0,17,17,7,5,46,0,7,3,1,0,11,57
GOA,2002,Total,0,73,90,46,17,226,2,40,26,9,6,83,309
GOA,2002,Total Salaried,0,21,30,12,0,63,0,3,7,1,0,11,74
GOA,2002,Total Self-employed,0,6,17,11,5,39,0,1,1,0,0,2,41
GUJARAT,2002,House Wife,0,0,0,0,0,0,2,698,508,191,62,1461,1461
GUJARAT,2002,Service (Government),0,10,12,18,0,40,0,3,0,0,0,3,43
GUJARAT,2002,Service (Private),0,108,155,46,8,317,0,18,8,7,0,33,350
GUJARAT,2002,Public Sector Undertaking,0,24,31,13,4,72,0,6,1,1,0,8,80
GUJARAT,2002,Student,16,127,12,0,0,155,26,85,3,0,0,114,269
GUJARAT,2002,Unemployed,1,192,169,92,13,467,1,30,18,8,2,59,526
GUJARAT,2002,Self-employed (Business activity),0,90,112,51,4,257,0,3,1,1,0,5,262
GUJARAT,2002,Professional Activity,1,117,125,93,8,344,0,15,1,3,0,19,363
GUJARAT,2002,Farming/Agriculture Activity,0,173,208,74,27,482,2,43,22,16,5,88,570
GUJARAT,2002,Others (Please Specify),5,129,134,68,14,350,4,33,17,17,3,74,424
GUJARAT,2002,Retired Person,0,0,0,18,45,63,0,0,2,3,28,33,96
GUJARAT,2002,Others (Please Specify),2,52,38,45,22,159,4,12,9,11,5,41,200
GUJARAT,2002,Total,25,1022,996,518,145,2706,39,946,590,258,105,1938,4644
GUJARAT,2002,Total Salaried,0,142,198,77,12,429,0,27,9,8,0,44,473
GUJARAT,2002,Total Self-employed,6,509,579,286,53,1433,6,94,41,37,8,186,1619
HARYANA,2002,House Wife,0,0,0,0,0,0,1,198,131,31,10,371,371
HARYANA,2002,Service (Government),0,18,28,20,0,66,0,9,13,9,0,31,97
HARYANA,2002,Service (Private),0,66,107,31,4,208,0,26,9,0,0,35,243
HARYANA,2002,Public Sector Undertaking,0,29,34,2,0,65,0,5,9,0,0,14,79
HARYANA,2002,Student,10,69,20,0,0,99,1,55,2,0,0,58,157
HARYANA,2002,Unemployed,1,67,73,51,2,194,0,2,7,2,0,11,205
HARYANA,2002,Self-employed (Business activity),0,13,15,9,2,39,0,0,0,0,0,0,39
HARYANA,2002,Professional Activity,0,9,11,9,3,32,0,1,0,0,0,1,33
HARYANA,2002,Farming/Agriculture Activity,0,52,66,40,9,167,0,15,6,0,2,23,190
HARYANA,2002,Others (Please Specify),13,79,67,44,16,219,2,3,4,2,0,11,230
HARYANA,2002,Retired Person,0,0,1,3,4,8,0,0,7,2,0,9,17
HARYANA,2002,Others (Please Specify),12,128,201,87,45,473,16,23,15,7,5,66,539
HARYANA,2002,Total,36,530,623,296,85,1570,20,337,203,53,17,630,2200
HARYANA,2002,Total Salaried,0,113,169,53,4,339,0,40,31,9,0,80,419
HARYANA,2002,Total Self-employed,13,153,159,102,30,457,2,19,10,2,2,35,492
HIMACHAL PRADESH,2002,House Wife,0,0,0,0,0,0,2,46,29,5,1,83,83
HIMACHAL PRADESH,2002,Service (Government),0,3,6,2,0,11,0,1,1,0,0,2,13
HIMACHAL PRADESH,2002,Service (Private),0,6,5,1,0,12,0,0,0,0,0,0,12
HIMACHAL PRADESH,2002,Public Sector Undertaking,0,2,1,1,0,4,0,0,0,1,0,1,5
HIMACHAL PRADESH,2002,Student,2,16,1,0,0,19,1,11,0,0,0,12,31
HIMACHAL PRADESH,2002,Unemployed,0,11,6,7,1,25,0,3,1,0,0,4,29
HIMACHAL PRADESH,2002,Self-employed (Business activity),0,12,17,0,0,29,0,0,0,0,1,1,30
HIMACHAL PRADESH,2002,Professional Activity,0,0,12,0,0,12,0,0,1,0,0,1,13
HIMACHAL PRADESH,2002,Farming/Agriculture Activity,0,7,12,3,2,24,0,0,0,1,0,1,25
HIMACHAL PRADESH,2002,Others (Please Specify),0,8,4,5,1,18,0,1,0,0,0,1,19
HIMACHAL PRADESH,2002,Retired Person,0,0,0,0,0,0,0,0,0,0,0,0,0
HIMACHAL PRADESH,2002,Others (Please Specify),2,22,18,10,2,54,0,14,5,1,0,20,74
HIMACHAL PRADESH,2002,Total,4,87,82,29,6,208,3,76,37,8,2,126,334
HIMACHAL PRADESH,2002,Total Salaried,0,11,12,4,0,27,0,1,1,1,0,3,30
HIMACHAL PRADESH,2002,Total Self-employed,0,27,45,8,3,83,0,1,1,1,1,4,87
JAMMU & KASHMIR,2002,House Wife,0,0,0,0,0,0,0,39,11,3,0,53,53
JAMMU & KASHMIR,2002,Service (Government),0,2,8,1,0,11,0,0,0,0,0,0,11
JAMMU & KASHMIR,2002,Service (Private),0,3,3,1,1,8,0,0,0,0,0,0,8
JAMMU & KASHMIR,2002,Public Sector Undertaking,0,1,1,0,0,2,0,0,0,0,0,0,2
JAMMU & KASHMIR,2002,Student,1,3,3,1,0,8,0,3,1,0,0,4,12
JAMMU & KASHMIR,2002,Unemployed,3,9,4,0,0,16,0,3,1,0,0,4,20
JAMMU & KASHMIR,2002,Self-employed (Business activity),0,0,0,0,0,0,0,0,0,0,0,0,0
JAMMU & KASHMIR,2002,Professional Activity,0,0,0,0,0,0,0,0,0,0,0,0,0
JAMMU & KASHMIR,2002,Farming/Agriculture Activity,0,9,4,1,1,15,0,1,0,0,0,1,16
JAMMU & KASHMIR,2002,Others (Please Specify),0,7,8,8,1,24,0,7,7,3,0,17,41
JAMMU & KASHMIR,2002,Retired Person,0,0,0,0,0,0,0,0,0,0,0,0,0
JAMMU & KASHMIR,2002,Others (Please Specify),0,4,5,2,1,12,0,8,1,0,0,9,21
JAMMU & KASHMIR,2002,Total,4,38,36,14,4,96,0,61,21,6,0,88,184
JAMMU & KASHMIR,2002,Total Salaried,0,6,12,2,1,21,0,0,0,0,0,0,21
JAMMU & KASHMIR,2002,Total Self-employed,0,16,12,9,2,39,0,8,7,3,0,18,57
JHARKHAND,2002,House Wife,0,0,0,0,0,0,0,28,25,10,0,63,63
JHARKHAND,2002,Service (Government),0,0,0,0,0,0,0,0,0,0,0,0,0
JHARKHAND,2002,Service (Private),0,0,4,1,0,5,0,0,3,0,0,3,8
JHARKHAND,2002,Public Sector Undertaking,0,0,2,1,0,3,0,0,2,1,0,3,6
JHARKHAND,2002,Student,3,4,0,0,0,7,0,3,0,0,0,3,10
JHARKHAND,2002,Unemployed,0,8,8,11,0,27,0,1,1,0,0,2,29
JHARKHAND,2002,Self-employed (Business activity),0,0,2,1,0,3,0,0,1,0,0,1,4
JHARKHAND,2002,Professional Activity,0,4,1,2,2,9,0,0,0,0,0,0,9
JHARKHAND,2002,Farming/Agriculture Activity,0,4,14,3,0,21,0,0,0,0,0,0,21
JHARKHAND,2002,Others (Please Specify),0,18,10,6,0,34,0,10,0,2,0,12,46
JHARKHAND,2002,Retired Person,0,2,0,0,0,2,0,0,0,0,0,0,2
JHARKHAND,2002,Others (Please Specify),6,5,11,11,9,42,4,5,8,15,0,32,74
JHARKHAND,2002,Total,9,45,52,36,11,153,4,47,40,28,0,119,272
JHARKHAND,2002,Total Salaried,0,0,6,2,0,8,0,0,5,1,0,6,14
JHARKHAND,2002,Total Self-employed,0,26,27,12,2,67,0,10,1,2,0,13,80
KARNATAKA,2002,House Wife,0,0,0,0,0,0,6,914,776,347,182,2225,2225
KARNATAKA,2002,Service (Government),0,41,86,59,0,186,0,14,14,5,1,34,220
KARNATAKA,2002,Service (Private),2,272,325,228,61,888,9,80,59,28,3,179,1067
KARNATAKA,2002,Public Sector Undertaking,0,51,87,42,3,183,0,21,3,0,0,24,207
KARNATAKA,2002,Student,49,194,12,0,0,255,118,120,16,0,0,254,509
KARNATAKA,2002,Unemployed,8,203,191,101,40,543,7,82,13,2,4,108,651
KARNATAKA,2002,Self-employed (Business activity),2,186,323,176,68,755,1,24,13,1,0,39,794
KARNATAKA,2002,Professional Activity,0,32,46,10,4,92,0,6,1,0,0,7,99
KARNATAKA,2002,Farming/Agriculture Activity,5,515,799,498,191,2008,8,121,125,55,23,332,2340
KARNATAKA,2002,Others (Please Specify),27,621,948,514,316,2426,35,274,162,65,67,603,3029
KARNATAKA,2002,Retired Person,0,0,0,13,39,52,0,0,0,7,8,15,67
KARNATAKA,2002,Others (Please Specify),28,170,214,191,89,692,20,140,100,58,52,370,1062
KARNATAKA,2002,Total,121,2285,3031,1832,811,8080,204,1796,1282,568,340,4190,12270
KARNATAKA,2002,Total Salaried,2,364,498,329,64,1257,9,115,76,33,4,237,1494
KARNATAKA,2002,Total Self-employed,34,1354,2116,1198,579,5281,44,425,301,121,90,981,6262
KERALA,2002,House Wife,0,0,0,0,0,0,0,295,504,409,245,1453,1453
KERALA,2002,Service (Government),0,19,67,64,2,152,0,6,5,7,2,20,172
KERALA,2002,Service (Private),0,96,148,115,38,397,1,25,27,20,3,76,473
KERALA,2002,Public Sector Undertaking,0,13,35,39,9,96,0,6,10,3,2,21,117
KERALA,2002,Student,32,112,2,0,0,146,41,95,0,0,0,136,282
KERALA,2002,Unemployed,0,340,473,357,429,1599,0,137,94,65,44,340,1939
KERALA,2002,Self-employed (Business activity),0,94,231,222,84,631,0,0,7,6,3,16,647
KERALA,2002,Professional Activity,0,63,112,78,38,291,0,8,10,3,1,22,313
KERALA,2002,Farming/Agriculture Activity,0,134,426,614,259,1433,0,17,32,27,24,100,1533
KERALA,2002,Others (Please Specify),4,222,384,346,234,1190,0,46,73,51,42,212,1402
KERALA,2002,Retired Person,0,0,5,22,93,120,0,0,0,4,13,17,137
KERALA,2002,Others (Please Specify),18,171,313,320,288,1110,23,54,78,30,47,232,1342
KERALA,2002,Total,54,1264,2196,2177,1474,7165,65,689,840,625,426,2645,9810
KERALA,2002,Total Salaried,0,128,250,218,49,645,1,37,42,30,7,117,762
KERALA,2002,Total Self-employed,4,513,1153,1260,615,3545,0,71,122,87,70,350,3895
MADHYA PRADESH,2002,House Wife,0,0,0,0,0,0,7,1362,577,225,116,2287,2287
MADHYA PRADESH,2002,Service (Government),0,80,67,37,6,190,0,12,13,3,0,28,218
MADHYA PRADESH,2002,Service (Private),0,184,129,58,5,376,0,30,25,4,0,59,435
MADHYA PRADESH,2002,Public Sector Undertaking,0,62,30,3,0,95,0,11,7,5,0,23,118
MADHYA PRADESH,2002,Student,52,151,12,0,0,215,35,87,0,0,0,122,337
MADHYA PRADESH,2002,Unemployed,3,163,84,25,0,275,0,24,15,4,0,43,318
MADHYA PRADESH,2002,Self-employed (Business activity),0,107,101,65,20,293,0,26,22,11,11,70,363
MADHYA PRADESH,2002,Professional Activity,0,28,48,21,11,108,0,0,9,11,4,24,132
MADHYA PRADESH,2002,Farming/Agriculture Activity,2,386,350,203,100,1041,4,163,86,35,11,299,1340
MADHYA PRADESH,2002,Others (Please Specify),26,232,240,192,98,788,36,117,82,39,17,291,1079
MADHYA PRADESH,2002,Retired Person,0,0,0,1,27,28,0,0,0,0,0,0,28
MADHYA PRADESH,2002,Others (Please Specify),9,62,57,28,14,170,8,33,25,5,3,74,244
MADHYA PRADESH,2002,Total,92,1455,1118,633,281,3579,90,1865,861,342,162,3320,6899
MADHYA PRADESH,2002,Total Salaried,0,326,226,98,11,661,0,53,45,12,0,110,771
MADHYA PRADESH,2002,Total Self-employed,28,753,739,481,229,2230,40,306,199,96,43,684,2914
MAHARASHTRA,2002,House Wife,0,0,0,0,0,0,0,1762,1091,362,200,3415,3415
MAHARASHTRA,2002,Service (Government),0,43,123,54,0,220,0,14,11,3,0,28,248
MAHARASHTRA,2002,Service (Private),0,319,554,256,37,1166,0,50,54,20,7,131,1297
MAHARASHTRA,2002,Public Sector Undertaking,0,32,41,30,0,103,0,3,3,1,0,7,110
MAHARASHTRA,2002,Student,77,367,4,0,0,448,86,286,6,0,0,378,826
MAHARASHTRA,2002,Unemployed,0,390,355,149,2,896,7,66,27,2,0,102,998
MAHARASHTRA,2002,Self-employed (Business activity),0,94,214,135,77,520,0,26,19,4,3,52,572
MAHARASHTRA,2002,Professional Activity,0,148,170,61,28,407,0,5,14,6,3,28,435
MAHARASHTRA,2002,Farming/Agriculture Activity,3,868,1229,669,386,3155,0,269,134,86,51,540,3695
MAHARASHTRA,2002,Others (Please Specify),21,538,881,439,278,2157,13,161,118,43,23,358,2515
MAHARASHTRA,2002,Retired Person,0,0,5,35,113,153,0,0,1,3,12,16,169
MAHARASHTRA,2002,Others (Please Specify),1,45,94,38,44,222,4,3,5,8,7,27,249
MAHARASHTRA,2002,Total,102,2844,3670,1866,965,9447,110,2645,1483,538,306,5082,14529
MAHARASHTRA,2002,Total Salaried,0,394,718,340,37,1489,0,67,68,24,7,166,1655
MAHARASHTRA,2002,Total Self-employed,24,1648,2494,1304,769,6239,13,461,285,139,80,978,7217
MANIPUR,2002,House Wife,0,0,0,0,0,0,0,3,0,0,0,3,3
MANIPUR,2002,Service (Government),0,0,3,1,0,4,0,0,0,0,0,0,4
MANIPUR,2002,Service (Private),0,0,0,0,0,0,0,0,0,0,0,0,0
MANIPUR,2002,Public Sector Undertaking,0,0,2,1,1,4,0,0,0,0,0,0,4
MANIPUR,2002,Student,0,7,0,0,0,7,0,3,0,0,0,3,10
MANIPUR,2002,Unemployed,0,2,2,6,1,11,0,1,1,0,0,2,13
MANIPUR,2002,Self-employed (Business activity),0,0,0,0,0,0,0,0,0,0,0,0,0
MANIPUR,2002,Professional Activity,0,0,0,0,0,0,0,0,0,0,0,0,0
MANIPUR,2002,Farming/Agriculture Activity,0,0,1,0,2,3,0,0,0,0,0,0,3
MANIPUR,2002,Others (Please Specify),0,0,0,0,0,0,0,0,0,0,0,0,0
MANIPUR,2002,Retired Person,0,0,0,0,0,0,0,0,0,0,0,0,0
MANIPUR,2002,Others (Please Specify),0,0,0,1,0,1,0,0,0,1,0,1,2
MANIPUR,2002,Total,0,9,8,9,4,30,0,7,1,1,0,9,39
MANIPUR,2002,Total Salaried,0,0,5,2,1,8,0,0,0,0,0,0,8
MANIPUR,2002,Total Self-employed,0,0,1,0,2,3,0,0,0,0,0,0,3
MEGHALAYA,2002,House Wife,0,0,0,0,0,0,0,6,3,2,0,11,11
MEGHALAYA,2002,Service (Government),0,0,4,0,0,4,0,0,0,0,0,0,4
MEGHALAYA,2002,Service (Private),0,1,3,0,0,4,0,0,0,0,0,0,4
MEGHALAYA,2002,Public Sector Undertaking,0,0,0,0,0,0,0,0,0,0,0,0,0
MEGHALAYA,2002,Student,2,0,0,0,0,2,1,0,0,0,0,1,3
MEGHALAYA,2002,Unemployed,0,3,5,2,0,10,0,2,2,0,0,4,14
MEGHALAYA,2002,Self-employed (Business activity),0,1,0,2,0,3,0,0,0,0,0,0,3
MEGHALAYA,2002,Professional Activity,0,0,0,0,0,0,0,0,0,0,0,0,0
MEGHALAYA,2002,Farming/Agriculture Activity,1,2,2,3,0,8,0,0,0,0,0,0,8
MEGHALAYA,2002,Others (Please Specify),0,2,4,3,3,12,0,0,0,0,0,0,12
MEGHALAYA,2002,Retired Person,0,0,0,0,0,0,0,0,0,0,0,0,0
MEGHALAYA,2002,Others (Please Specify),0,0,3,3,0,6,1,0,1,0,0,2,8
MEGHALAYA,2002,Total,3,9,21,13,3,49,2,8,6,2,0,18,67
MEGHALAYA,2002,Total Salaried,0,1,7,0,0,8,0,0,0,0,0,0,8
MEGHALAYA,2002,Total Self-employed,1,5,6,8,3,23,0,0,0,0,0,0,23
MIZORAM,2002,House Wife,0,0,0,0,0,0,0,2,1,2,0,5,5
MIZORAM,2002,Service (Government),0,3,2,3,0,8,0,0,0,0,0,0,8
MIZORAM,2002,Service (Private),0,0,0,0,0,0,0,0,0,0,0,0,0
MIZORAM,2002,Public Sector Undertaking,0,0,3,1,0,4,0,0,0,0,0,0,4
MIZORAM,2002,Student,0,1,0,0,0,1,0,0,0,0,0,0,1
MIZORAM,2002,Unemployed,0,14,3,2,0,19,0,1,0,0,0,1,20
MIZORAM,2002,Self-employed (Business activity),0,0,0,0,0,0,0,0,0,0,0,0,0
MIZORAM,2002,Professional Activity,0,0,0,0,0,0,0,0,0,0,0,0,0
MIZORAM,2002,Farming/Agriculture Activity,0,0,2,1,0,3,0,0,0,0,0,0,3
MIZORAM,2002,Others (Please Specify),0,6,9,1,2,18,0,2,1,1,0,4,22
MIZORAM,2002,Retired Person,0,0,0,0,0,0,0,0,0,0,0,0,0
MIZORAM,2002,Others (Please Specify),0,3,0,0,0,3,0,0,0,0,0,0,3
MIZORAM,2002,Total,0,27,19,8,2,56,0,5,2,3,0,10,66
MIZORAM,2002,Total Salaried,0,3,5,4,0,12,0,0,0,0,0,0,12
MIZORAM,2002,Total Self-employed,0,6,11,2,2,21,0,2,1,1,0,4,25
NAGALAND,2002,House Wife,0,0,0,0,0,0,0,2,1,0,0,3,3
NAGALAND,2002,Service (Government),0,2,8,0,0,10,0,0,0,0,0,0,10
NAGALAND,2002,Service (Private),0,0,1,0,0,1,0,0,0,0,0,0,1
NAGALAND,2002,Public Sector Undertaking,0,0,0,0,0,0,0,0,0,0,0,0,0
NAGALAND,2002,Student,1,0,0,0,0,1,1,1,1,0,0,3,4
NAGALAND,2002,Unemployed,0,0,3,0,0,3,0,0,1,0,0,1,4
NAGALAND,2002,Self-employed (Business activity),0,0,1,0,0,1,0,0,0,0,0,0,1
NAGALAND,2002,Professional Activity,0,0,0,0,0,0,0,0,0,0,0,0,0
NAGALAND,2002,Farming/Agriculture Activity,0,0,0,0,0,0,0,0,0,0,0,0,0
NAGALAND,2002,Others (Please Specify),0,0,2,1,0,3,1,0,0,0,0,1,4
NAGALAND,2002,Retired Person,0,0,0,0,0,0,0,0,0,0,0,0,0
NAGALAND,2002,Others (Please Specify),0,0,0,0,0,0,0,0,0,0,0,0,0
NAGALAND,2002,Total,1,2,15,1,0,19,2,3,3,0,0,8,27
NAGALAND,2002,Total Salaried,0,2,9,0,0,11,0,0,0,0,0,0,11
NAGALAND,2002,Total Self-employed,0,0,3,1,0,4,1,0,0,0,0,1,5
ODISHA,2002,House Wife,0,0,0,0,0,0,0,328,274,125,43,770,770
ODISHA,2002,Service (Government),0,13,14,20,0,47,0,18,22,10,1,51,98
ODISHA,2002,Service (Private),6,105,123,93,16,343,0,24,19,8,0,51,394
ODISHA,2002,Public Sector Undertaking,0,21,44,55,4,124,0,10,16,14,0,40,164
ODISHA,2002,Student,19,112,20,8,0,159,27,90,2,1,0,120,279
ODISHA,2002,Unemployed,2,135,151,59,5,352,1,73,76,8,1,159,511
ODISHA,2002,Self-employed (Business activity),0,35,76,58,4,173,0,5,5,1,0,11,184
ODISHA,2002,Professional Activity,0,11,20,21,4,56,0,3,1,0,0,4,60
ODISHA,2002,Farming/Agriculture Activity,0,79,123,69,38,309,0,9,14,10,3,36,345
ODISHA,2002,Others (Please Specify),18,244,232,158,66,718,29,168,83,73,19,372,1090
ODISHA,2002,Retired Person,0,0,0,3,11,14,0,0,4,2,0,6,20
ODISHA,2002,Others (Please Specify),10,97,142,70,17,336,12,55,50,14,6,137,473
ODISHA,2002,Total,55,852,945,614,165,2631,69,783,566,266,73,1757,4388
ODISHA,2002,Total Salaried,6,139,181,168,20,514,0,52,57,32,1,142,656
ODISHA,2002,Total Self-employed,18,369,451,306,112,1256,29,185,103,84,22,423,1679
PUNJAB,2002,House Wife,0,0,0,0,0,0,0,49,30,6,2,87,87
PUNJAB,2002,Service (Government),0,8,8,3,0,19,0,0,0,0,0,0,19
PUNJAB,2002,Service (Private),0,10,8,5,0,23,0,1,0,0,0,1,24
PUNJAB,2002,Public Sector Undertaking,0,0,7,4,0,11,0,0,0,0,0,0,11
PUNJAB,2002,Student,1,10,0,0,0,11,2,6,0,0,0,8,19
PUNJAB,2002,Unemployed,0,19,13,8,1,41,0,4,0,0,0,4,45
PUNJAB,2002,Self-employed (Business activity),0,12,18,8,2,40,0,2,0,0,0,2,42
PUNJAB,2002,Professional Activity,0,10,11,1,0,22,0,0,0,0,0,0,22
PUNJAB,2002,Farming/Agriculture Activity,0,16,14,1,9,40,0,0,0,0,0,0,40
PUNJAB,2002,Others (Please Specify),0,34,33,28,15,110,0,0,2,0,0,2,112
PUNJAB,2002,Retired Person,0,0,0,1,2,3,0,0,0,0,0,0,3
PUNJAB,2002,Others (Please Specify),16,31,17,13,0,77,0,2,3,0,1,6,83
PUNJAB,2002,Total,17,150,129,72,29,397,2,64,35,6,3,110,507
PUNJAB,2002,Total Salaried,0,18,23,12,0,53,0,1,0,0,0,1,54
PUNJAB,2002,Total Self-employed,0,72,76,38,26,212,0,2,2,0,0,4,216
RAJASTHAN,2002,House Wife,0,0,0,0,0,0,1,387,248,113,18,767,767
RAJASTHAN,2002,Service (Government),0,12,36,14,0,62,0,0,2,0,0,2,64
RAJASTHAN,2002,Service (Private),0,75,73,71,2,221,0,15,13,2,0,30,251
RAJASTHAN,2002,Public Sector Undertaking,0,20,26,11,2,59,0,1,3,4,0,8,67
RAJASTHAN,2002,Student,22,56,9,0,0,87,6,46,0,0,0,52,139
RAJASTHAN,2002,Unemployed,1,58,41,26,2,128,0,9,6,1,0,16,144
RAJASTHAN,2002,Self-employed (Business activity),0,44,43,29,4,120,0,0,5,0,0,5,125
RAJASTHAN,2002,Professional Activity,0,10,9,5,1,25,0,1,0,0,0,1,26
RAJASTHAN,2002,Farming/Agriculture Activity,1,154,174,128,36,493,0,35,39,17,3,94,587
RAJASTHAN,2002,Others (Please Specify),36,155,146,86,20,443,16,42,20,10,3,91,534
RAJASTHAN,2002,Retired Person,0,0,0,8,9,17,0,0,0,0,2,2,19
RAJASTHAN,2002,Others (Please Specify),5,133,206,64,29,437,7,44,37,0,0,88,525
RAJASTHAN,2002,Total,65,717,763,442,105,2092,30,580,373,147,26,1156,3248
RAJASTHAN,2002,Total Salaried,0,107,135,96,4,342,0,16,18,6,0,40,382
RAJASTHAN,2002,Total Self-employed,37,363,372,248,61,1081,16,78,64,27,6,191,1272
SIKKIM,2002,House Wife,0,0,0,0,0,0,0,1,0,0,0,1,1
SIKKIM,2002,Service (Government),0,0,0,0,0,0,0,0,0,0,0,0,0
SIKKIM,2002,Service (Private),0,0,0,0,0,0,0,0,0,0,0,0,0
SIKKIM,2002,Public Sector Undertaking,0,0,0,0,0,0,0,0,0,0,0,0,0
SIKKIM,2002,Student,1,2,0,0,0,3,0,2,0,0,0,2,5
SIKKIM,2002,Unemployed,0,4,3,2,1,10,1,3,4,2,2,12,22
SIKKIM,2002,Self-employed (Business activity),0,0,0,1,2,3,0,0,0,1,0,1,4
SIKKIM,2002,Professional Activity,0,0,0,0,0,0,0,0,0,0,0,0,0
SIKKIM,2002,Farming/Agriculture Activity,0,2,2,1,0,5,0,2,0,1,0,3,8
SIKKIM,2002,Others (Please Specify),2,4,7,3,3,19,0,3,0,1,0,4,23
SIKKIM,2002,Retired Person,0,3,0,0,0,3,0,0,0,0,0,0,3
SIKKIM,2002,Others (Please Specify),0,0,7,4,0,11,0,0,1,0,0,1,12
SIKKIM,2002,Total,3,15,19,11,6,54,1,11,5,5,2,24,78
SIKKIM,2002,Total Salaried,0,0,0,0,0,0,0,0,0,0,0,0,0
SIKKIM,2002,Total Self-employed,2,6,9,5,5,27,0,5,0,3,0,8,35
TAMIL NADU,2002,House Wife,0,0,0,0,0,0,0,951,741,343,103,2138,2138
TAMIL NADU,2002,Service (Government),0,77,79,62,6,224,0,41,51,32,3,127,351
TAMIL NADU,2002,Service (Private),0,226,378,206,18,828,4,147,67,48,21,287,1115
TAMIL NADU,2002,Public Sector Undertaking,0,68,105,50,7,230,0,57,32,7,0,96,326
TAMIL NADU,2002,Student,42,176,41,0,0,259,37,158,20,0,0,215,474
TAMIL NADU,2002,Unemployed,8,342,381,277,58,1066,14,125,100,48,9,296,1362
TAMIL NADU,2002,Self-employed (Business activity),0,160,298,288,29,775,0,19,24,17,1,61,836
TAMIL NADU,2002,Professional Activity,0,35,65,24,3,127,0,8,7,3,0,18,145
TAMIL NADU,2002,Farming/Agriculture Activity,1,371,420,370,95,1257,5,99,54,31,9,198,1455
TAMIL NADU,2002,Others (Please Specify),12,310,452,270,156,1200,48,159,100,86,53,446,1646
TAMIL NADU,2002,Retired Person,0,0,0,3,32,35,0,0,0,6,13,19,54
TAMIL NADU,2002,Others (Please Specify),36,228,333,246,139,982,37,95,122,86,20,360,1342
TAMIL NADU,2002,Total,99,1993,2552,1796,543,6983,145,1859,1318,707,232,4261,11244
TAMIL NADU,2002,Total Salaried,0,371,562,318,31,1282,4,245,150,87,24,510,1792
TAMIL NADU,2002,Total Self-employed,13,876,1235,952,283,3359,53,285,185,137,63,723,4082
TRIPURA,2002,House Wife,0,0,0,0,0,0,0,54,39,6,5,104,104
TRIPURA,2002,Service (Government),0,5,10,8,0,23,0,5,4,2,0,11,34
TRIPURA,2002,Service (Private),0,10,8,5,0,23,0,4,5,3,0,12,35
TRIPURA,2002,Public Sector Undertaking,0,6,14,3,0,23,0,3,4,2,0,9,32
TRIPURA,2002,Student,4,15,0,0,0,19,4,9,6,0,0,19,38
TRIPURA,2002,Unemployed,1,22,21,9,0,53,2,2,1,0,0,5,58
TRIPURA,2002,Self-employed (Business activity),0,15,13,13,5,46,0,0,0,0,0,0,46
TRIPURA,2002,Professional Activity,0,10,16,10,4,40,0,0,0,0,0,0,40
TRIPURA,2002,Farming/Agriculture Activity,0,8,12,7,0,27,1,3,4,3,3,14,41
TRIPURA,2002,Others (Please Specify),4,37,37,22,11,111,2,11,6,5,1,25,136
TRIPURA,2002,Retired Person,0,0,0,2,2,4,0,0,0,0,0,0,4
TRIPURA,2002,Others (Please Specify),4,45,48,23,4,124,5,36,23,17,6,87,211
TRIPURA,2002,Total,13,173,179,102,26,493,14,127,92,38,15,286,779
TRIPURA,2002,Total Salaried,0,21,32,16,0,69,0,12,13,7,0,32,101
TRIPURA,2002,Total Self-employed,4,70,78,52,20,224,3,14,10,8,4,39,263
UTTAR PRADESH,2002,House Wife,0,0,0,0,0,0,8,555,329,157,54,1103,1103
UTTAR PRADESH,2002,Service (Government),0,7,10,3,1,21,0,4,5,0,0,9,30
UTTAR PRADESH,2002,Service (Private),0,82,77,41,0,200,0,14,12,1,0,27,227
UTTAR PRADESH,2002,Public Sector Undertaking,0,11,12,9,0,32,0,1,3,0,0,4,36
UTTAR PRADESH,2002,Student,15,90,11,4,0,120,21,67,8,0,0,96,216
UTTAR PRADESH,2002,Unemployed,1,216,168,53,14,452,4,21,6,2,0,33,485
UTTAR PRADESH,2002,Self-employed (Business activity),0,44,52,15,19,130,0,5,1,1,0,7,137
UTTAR PRADESH,2002,Professional Activity,0,10,7,8,4,29,0,3,3,0,0,6,35
UTTAR PRADESH,2002,Farming/Agriculture Activity,7,152,165,107,40,471,4,28,15,5,2,54,525
UTTAR PRADESH,2002,Others (Please Specify),21,122,176,139,87,545,167,110,104,59,28,468,1013
UTTAR PRADESH,2002,Retired Person,0,0,2,1,10,13,0,0,0,0,1,1,14
UTTAR PRADESH,2002,Others (Please Specify),11,119,86,82,15,313,4,51,35,15,11,116,429
UTTAR PRADESH,2002,Total,55,853,766,462,190,2326,208,859,521,240,96,1924,4250
UTTAR PRADESH,2002,Total Salaried,0,100,99,53,1,253,0,19,20,1,0,40,293
UTTAR PRADESH,2002,Total Self-employed,28,328,400,269,150,1175,171,146,123,65,30,535,1710
UTTARAKHAND,2002,House Wife,0,0,0,0,0,0,1,58,44,14,2,119,119
UTTARAKHAND,2002,Service (Government),0,2,2,1,0,5,0,1,1,0,0,2,7
UTTARAKHAND,2002,Service (Private),0,12,12,1,0,25,0,2,0,0,0,2,27
UTTARAKHAND,2002,Public Sector Undertaking,0,1,0,0,0,1,0,0,0,0,0,0,1
UTTARAKHAND,2002,Student,2,4,0,0,0,6,0,3,0,0,0,3,9
UTTARAKHAND,2002,Unemployed,1,18,9,7,3,38,1,4,1,0,1,7,45
UTTARAKHAND,2002,Self-employed (Business activity),0,5,3,0,0,8,0,0,0,0,0,0,8
UTTARAKHAND,2002,Professional Activity,0,3,1,0,0,4,0,0,0,0,0,0,4
UTTARAKHAND,2002,Farming/Agriculture Activity,0,10,14,3,4,31,0,2,1,0,0,3,34
UTTARAKHAND,2002,Others (Please Specify),2,32,19,13,9,75,6,10,3,1,0,20,95
UTTARAKHAND,2002,Retired Person,0,0,0,5,0,5,0,0,0,0,0,0,5
UTTARAKHAND,2002,Others (Please Specify),3,2,0,2,0,7,0,0,0,0,0,0,7
UTTARAKHAND,2002,Total,8,89,60,32,16,205,8,80,50,15,3,156,361
UTTARAKHAND,2002,Total Salaried,0,15,14,2,0,31,0,3,1,0,0,4,35
UTTARAKHAND,2002,Total Self-employed,2,50,37,16,13,118,6,12,4,1,0,23,141
WEST BENGAL,2002,House Wife,0,0,0,0,0,0,0,925,907,395,67,2294,2294
WEST BENGAL,2002,Service (Government),0,20,64,59,5,148,0,21,35,49,1,106,254
WEST BENGAL,2002,Service (Private),2,251,273,235,31,792,0,141,136,63,34,374,1166
WEST BENGAL,2002,Public Sector Undertaking,0,173,96,110,27,406,0,72,86,54,1,213,619
WEST BENGAL,2002,Student,127,251,20,1,0,399,144,118,6,0,0,268,667
WEST BENGAL,2002,Unemployed,4,274,218,145,19,660,0,150,124,13,3,290,950
WEST BENGAL,2002,Self-employed (Business activity),0,155,232,185,47,619,0,59,25,66,20,170,789
WEST BENGAL,2002,Professional Activity,0,15,79,56,14,164,0,1,16,28,0,45,209
WEST BENGAL,2002,Farming/Agriculture Activity,0,321,425,302,95,1143,1,108,140,119,7,375,1518
WEST BENGAL,2002,Others (Please Specify),32,347,400,239,91,1109,40,223,178,136,70,647,1756
WEST BENGAL,2002,Retired Person,0,0,0,40,95,135,0,0,0,0,18,18,153
WEST BENGAL,2002,Others (Please Specify),118,408,547,339,137,1549,109,340,335,161,138,1083,2632
WEST BENGAL,2002,Total,283,2215,2354,1711,561,7124,294,2158,1988,1084,359,5883,13007
WEST BENGAL,2002,Total Salaried,2,444,433,404,63,1346,0,234,257,166,36,693,2039
WEST BENGAL,2002,Total Self-employed,32,838,1136,782,247,3035,41,391,359,349,97,1237,4272
TOTAL (STATES),2002,House Wife,0,0,0,0,0,0,30,10265,7506,3237,1257,22295,22295
TOTAL (STATES),2002,Service (Government),0,399,745,478,20,1642,0,161,200,125,8,494,2136
TOTAL (STATES),2002,Service (Private),11,2156,2763,1569,232,6731,14,639,477,224,75,1429,8160
TOTAL (STATES),2002,Public Sector Undertaking,0,588,674,461,71,1794,0,218,199,99,7,523,2317
TOTAL (STATES),2002,Student,568,2205,199,19,0,2991,660,1466,78,1,0,2205,5196
TOTAL (STATES),2002,Unemployed,35,2975,2907,1571,605,8093,39,917,556,181,66,1759,9852
TOTAL (STATES),2002,Self-employed (Business activity),14,1318,2184,1565,426,5507,11,190,170,132,48,551,6058
TOTAL (STATES),2002,Professional Activity,1,611,896,545,172,2225,0,67,83,78,13,241,2466
TOTAL (STATES),2002,Farming/Agriculture Activity,30,4109,5596,3917,1513,15165,28,1103,861,503,160,2655,17820
TOTAL (STATES),2002,Others (Please Specify),272,3662,4948,3150,1601,13633,416,1598,1202,724,397,4337,17970
TOTAL (STATES),2002,Retired Person,0,5,16,173,517,711,0,0,14,27,95,136,847
TOTAL (STATES),2002,Others (Please Specify),351,2427,3435,2271,1112,9596,354,1369,1163,516,384,3786,13382
TOTAL (STATES),2002,Total,1282,20455,24363,15719,6269,68088,1552,17993,12509,5847,2510,40411,108499
TOTAL (STATES),2002,Total Salaried,11,3143,4182,2508,323,10167,14,1018,876,448,90,2446,12613
TOTAL (STATES),2002,Total Self-employed,317,9700,13624,9177,3712,36530,455,2958,2316,1437,618,7784,44314
A & N ISLANDS,2002,House Wife,0,0,0,0,0,0,0,22,13,6,3,44,44
A & N ISLANDS,2002,Service (Government),0,2,8,8,0,18,0,0,1,0,0,1,19
A & N ISLANDS,2002,Service (Private),0,20,16,13,7,56,0,0,0,0,0,0,56
A & N ISLANDS,2002,Public Sector Undertaking,0,0,0,0,0,0,0,0,0,0,0,0,0
A & N ISLANDS,2002,Student,2,3,0,0,0,5,2,6,0,0,0,8,13
A & N ISLANDS,2002,Unemployed,0,0,0,0,0,0,0,0,0,0,0,0,0
A & N ISLANDS,2002,Self-employed (Business activity),0,1,0,0,0,1,0,0,0,0,0,0,1
A & N ISLANDS,2002,Professional Activity,0,0,0,0,0,0,0,0,0,0,0,0,0
A & N ISLANDS,2002,Farming/Agriculture Activity,0,1,3,0,3,7,0,0,0,0,0,0,7
A & N ISLANDS,2002,Others (Please Specify),0,0,1,0,0,1,0,0,0,0,0,0,1
A & N ISLANDS,2002,Retired Person,0,0,0,0,3,3,0,0,0,0,0,0,3
A & N ISLANDS,2002,Others (Please Specify),0,0,0,0,0,0,0,0,0,0,0,0,0
A & N ISLANDS,2002,Total,2,27,28,21,13,91,2,28,14,6,3,53,144
A & N ISLANDS,2002,Total Salaried,0,22,24,21,7,74,0,0,1,0,0,1,75
A & N ISLANDS,2002,Total Self-employed,0,2,4,0,3,9,0,0,0,0,0,0,9
CHANDIGARH,2002,House Wife,0,0,0,0,0,0,0,13,5,1,2,21,21
CHANDIGARH,2002,Service (Government),0,0,3,0,0,3,0,0,0,0,0,0,3
CHANDIGARH,2002,Service (Private),0,0,10,2,0,12,0,0,1,0,0,1,13
CHANDIGARH,2002,Public Sector Undertaking,0,0,0,0,0,0,0,0,0,0,0,0,0
CHANDIGARH,2002,Student,0,5,0,0,0,5,0,4,0,0,0,4,9
CHANDIGARH,2002,Unemployed,1,2,0,0,0,3,1,3,0,0,0,4,7
CHANDIGARH,2002,Self-employed (Business activity),0,0,1,0,0,1,0,0,0,0,0,0,1
CHANDIGARH,2002,Professional Activity,0,0,0,0,0,0,0,0,0,0,0,0,0
CHANDIGARH,2002,Farming/Agriculture Activity,0,0,0,0,0,0,0,0,0,0,0,0,0
CHANDIGARH,2002,Others (Please Specify),0,0,0,0,0,0,0,0,0,0,0,0,0
CHANDIGARH,2002,Retired Person,0,0,0,0,0,0,0,0,0,0,0,0,0
CHANDIGARH,2002,Others (Please Specify),0,16,12,1,0,29,0,3,1,0,0,4,33
CHANDIGARH,2002,Total,1,23,26,3,0,53,1,23,7,1,2,34,87
CHANDIGARH,2002,Total Salaried,0,0,13,2,0,15,0,0,1,0,0,1,16
CHANDIGARH,2002,Total Self-employed,0,0,1,0,0,1,0,0,0,0,0,0,1
D & N HAVELI,2002,House Wife,0,0,0,0,0,0,0,9,2,2,2,15,15
D & N HAVELI,2002,Service (Government),0,1,0,0,0,1,0,0,0,0,0,0,1
D & N HAVELI,2002,Service (Private),0,2,0,2,0,4,0,0,0,0,0,0,4
D & N HAVELI,2002,Public Sector Undertaking,0,0,0,0,0,0,0,0,0,0,0,0,0
D & N HAVELI,2002,Student,1,0,0,0,0,1,0,2,1,0,0,3,4
D & N HAVELI,2002,Unemployed,0,0,0,0,0,0,0,0,0,0,0,0,0
D & N HAVELI,2002,Self-employed (Business activity),0,0,0,0,0,0,0,0,0,0,0,0,0
D & N HAVELI,2002,Professional Activity,0,0,0,0,0,0,0,0,0,0,0,0,0
D & N HAVELI,2002,Farming/Agriculture Activity,0,4,5,7,5,21,0,0,0,0,0,0,21
D & N HAVELI,2002,Others (Please Specify),0,2,3,0,0,5,0,0,0,0,0,0,5
D & N HAVELI,2002,Retired Person,0,0,0,0,0,0,0,0,0,0,0,0,0
D & N HAVELI,2002,Others (Please Specify),0,0,0,0,0,0,0,0,0,0,0,0,0
D & N HAVELI,2002,Total,1,9,8,9,5,32,0,11,3,2,2,18,50
D & N HAVELI,2002,Total Salaried,0,3,0,2,0,5,0,0,0,0,0,0,5
D & N HAVELI,2002,Total Self-employed,0,6,8,7,5,26,0,0,0,0,0,0,26
DAMAN & DIU,2002,House Wife,0,0,0,0,0,0,0,1,1,0,0,2,2
DAMAN & DIU,2002,Service (Government),0,0,0,0,0,0,0,0,0,0,0,0,0
DAMAN & DIU,2002,Service (Private),0,3,6,0,0,9,0,0,0,0,0,0,9
DAMAN & DIU,2002,Public Sector Undertaking,0,0,0,0,0,0,0,0,0,0,0,0,0
DAMAN & DIU,2002,Student,0,0,0,0,0,0,0,0,0,0,0,0,0
DAMAN & DIU,2002,Unemployed,0,0,1,0,0,1,0,0,0,0,0,0,1
DAMAN & DIU,2002,Self-employed (Business activity),0,0,0,0,0,0,0,0,0,0,0,0,0
DAMAN & DIU,2002,Professional Activity,0,0,0,0,0,0,0,0,0,0,0,0,0
DAMAN & DIU,2002,Farming/Agriculture Activity,0,1,1,0,0,2,0,0,0,0,0,0,2
DAMAN & DIU,2002,Others (Please Specify),0,0,0,0,0,0,0,0,0,0,0,0,0
DAMAN & DIU,2002,Retired Person,0,0,0,0,0,0,0,0,0,0,0,0,0
DAMAN & DIU,2002,Others (Please Specify),0,0,1,1,1,3,0,0,0,0,0,0,3
DAMAN & DIU,2002,Total,0,4,9,1,1,15,0,1,1,0,0,2,17
DAMAN & DIU,2002,Total Salaried,0,3,6,0,0,9,0,0,0,0,0,0,9
DAMAN & DIU,2002,Total Self-employed,0,1,1,0,0,2,0,0,0,0,0,0,2
DELHI (UT),2002,House Wife,0,0,0,0,0,0,0,139,93,16,2,250,250
DELHI (UT),2002,Service (Government),0,12,10,4,0,26,0,6,0,0,0,6,32
DELHI (UT),2002,Service (Private),0,49,53,20,0,122,0,8,6,0,0,14,136
DELHI (UT),2002,Public Sector Undertaking,0,1,5,3,0,9,0,0,0,0,0,0,9
DELHI (UT),2002,Student,10,37,0,0,0,47,14,37,7,0,0,58,105
DELHI (UT),2002,Unemployed,1,132,69,26,5,233,1,22,3,1,0,27,260
DELHI (UT),2002,Self-employed (Business activity),0,18,16,7,1,42,0,4,0,0,0,4,46
DELHI (UT),2002,Professional Activity,0,3,3,5,0,11,0,0,0,0,0,0,11
DELHI (UT),2002,Farming/Agriculture Activity,0,5,11,8,6,30,0,3,0,0,0,3,33
DELHI (UT),2002,Others (Please Specify),4,37,36,16,0,93,0,14,15,6,2,37,130
DELHI (UT),2002,Retired Person,0,0,1,1,4,6,0,0,0,0,0,0,6
DELHI (UT),2002,Others (Please Specify),0,7,14,3,0,24,1,8,2,0,0,11,35
DELHI (UT),2002,Total,15,301,218,93,16,643,16,241,126,23,4,410,1053
DELHI (UT),2002,Total Salaried,0,62,68,27,0,157,0,14,6,0,0,20,177
DELHI (UT),2002,Total Self-employed,4,63,66,36,7,176,0,21,15,6,2,44,220
LAKSHADWEEP,2002,House Wife,0,0,0,0,0,0,0,0,0,0,0,0,0
LAKSHADWEEP,2002,Service (Government),0,0,0,0,0,0,0,0,0,0,0,0,0
LAKSHADWEEP,2002,Service (Private),0,0,0,0,0,0,0,0,0,0,0,0,0
LAKSHADWEEP,2002,Public Sector Undertaking,0,0,0,0,0,0,0,0,0,0,0,0,0
LAKSHADWEEP,2002,Student,0,0,0,0,0,0,0,0,0,0,0,0,0
LAKSHADWEEP,2002,Unemployed,0,0,0,0,0,0,0,0,0,0,0,0,0
LAKSHADWEEP,2002,Self-employed (Business activity),0,0,0,0,0,0,0,0,0,0,0,0,0
LAKSHADWEEP,2002,Professional Activity,0,0,0,0,0,0,0,0,0,0,0,0,0
LAKSHADWEEP,2002,Farming/Agriculture Activity,0,0,0,0,0,0,0,0,0,0,0,0,0
LAKSHADWEEP,2002,Others (Please Specify),0,0,0,0,0,0,0,0,0,0,0,0,0
LAKSHADWEEP,2002,Retired Person,0,0,0,0,0,0,0,0,0,0,0,0,0
LAKSHADWEEP,2002,Others (Please Specify),0,0,0,0,0,0,0,0,0,0,0,0,0
LAKSHADWEEP,2002,Total,0,0,0,0,0,0,0,0,0,0,0,0,0
LAKSHADWEEP,2002,Total Salaried,0,0,0,0,0,0,0,0,0,0,0,0,0
LAKSHADWEEP,2002,Total Self-employed,0,0,0,0,0,0,0,0,0,0,0,0,0
PUDUCHERRY,2002,House Wife,0,0,0,0,0,0,0,35,34,22,12,103,103
PUDUCHERRY,2002,Service (Government),0,3,5,9,1,18,0,0,1,0,0,1,19
PUDUCHERRY,2002,Service (Private),0,48,84,54,17,203,0,7,2,0,1,10,213
PUDUCHERRY,2002,Public Sector Undertaking,0,0,5,2,0,7,0,0,0,0,0,0,7
PUDUCHERRY,2002,Student,5,8,0,0,0,13,3,12,0,0,0,15,28
PUDUCHERRY,2002,Unemployed,0,18,11,2,9,40,0,19,1,0,0,20,60
PUDUCHERRY,2002,Self-employed (Business activity),0,2,8,6,2,18,0,0,0,0,0,0,18
PUDUCHERRY,2002,Professional Activity,0,0,0,0,0,0,0,0,0,0,0,0,0
PUDUCHERRY,2002,Farming/Agriculture Activity,0,14,35,26,8,83,0,1,3,0,1,5,88
PUDUCHERRY,2002,Others (Please Specify),0,5,9,8,2,24,0,0,0,0,0,0,24
PUDUCHERRY,2002,Retired Person,0,0,2,2,0,4,0,0,0,1,2,3,7
PUDUCHERRY,2002,Others (Please Specify),0,0,0,0,0,0,0,0,0,0,0,0,0
PUDUCHERRY,2002,Total,5,98,159,109,39,410,3,74,41,23,16,157,567
PUDUCHERRY,2002,Total Salaried,0,51,94,65,18,228,0,7,3,0,1,11,239
PUDUCHERRY,2002,Total Self-employed,0,21,52,40,12,125,0,1,3,0,1,5,130
TOTAL (UTs),2002,House Wife,0,0,0,0,0,0,0,219,148,47,21,435,435
TOTAL (UTs),2002,Service (Government),0,18,26,21,1,66,0,6,2,0,0,8,74
TOTAL (UTs),2002,Service (Private),0,122,169,91,24,406,0,15,9,0,1,25,431
TOTAL (UTs),2002,Public Sector Undertaking,0,1,10,5,0,16,0,0,0,0,0,0,16
TOTAL (UTs),2002,Student,18,53,0,0,0,71,19,61,8,0,0,88,159
TOTAL (UTs),2002,Unemployed,2,152,81,28,14,277,2,44,4,1,0,51,328
TOTAL (UTs),2002,Self-employed (Business activity),0,21,25,13,3,62,0,4,0,0,0,4,66
TOTAL (UTs),2002,Professional Activity,0,3,3,5,0,11,0,0,0,0,0,0,11
TOTAL (UTs),2002,Farming/Agriculture Activity,0,25,55,41,22,143,0,4,3,0,1,8,151
TOTAL (UTs),2002,Others (Please Specify),4,44,49,24,2,123,0,14,15,6,2,37,160
TOTAL (UTs),2002,Retired Person,0,0,3,3,7,13,0,0,0,1,2,3,16
TOTAL (UTs),2002,Others (Please Specify),0,23,27,5,1,56,1,11,3,0,0,15,71
TOTAL (UTs),2002,Total,24,462,448,236,74,1244,22,378,192,55,27,674,1918
TOTAL (UTs),2002,Total Salaried,0,141,205,117,25,488,0,21,11,0,1,33,521
TOTAL (UTs),2002,Total Self-employed,4,93,132,83,27,339,0,22,18,6,3,49,388
TOTAL (ALL INDIA),2002,House Wife,0,0,0,0,0,0,30,10484,7654,3284,1278,22730,22730
TOTAL (ALL INDIA),2002,Service (Government),0,417,771,499,21,1708,0,167,202,125,8,502,2210
TOTAL (ALL INDIA),2002,Service (Private),11,2278,2932,1660,256,7137,14,654,486,224,76,1454,8591
TOTAL (ALL INDIA),2002,Public Sector Undertaking,0,589,684,466,71,1810,0,218,199,99,7,523,2333
TOTAL (ALL INDIA),2002,Student,586,2258,199,19,0,3062,679,1527,86,1,0,2293,5355
TOTAL (ALL INDIA),2002,Unemployed,37,3127,2988,1599,619,8370,41,961,560,182,66,1810,10180
TOTAL (ALL INDIA),2002,Self-employed (Business activity),14,1339,2209,1578,429,5569,11,194,170,132,48,555,6124
TOTAL (ALL INDIA),2002,Professional Activity,1,614,899,550,172,2236,0,67,83,78,13,241,2477
TOTAL (ALL INDIA),2002,Farming/Agriculture Activity,30,4134,5651,3958,1535,15308,28,1107,864,503,161,2663,17971
TOTAL (ALL INDIA),2002,Others (Please Specify),276,3706,4997,3174,1603,13756,416,1612,1217,730,399,4374,18130
TOTAL (ALL INDIA),2002,Retired Person,0,5,19,176,524,724,0,0,14,28,97,139,863
TOTAL (ALL INDIA),2002,Others (Please Specify),351,2450,3462,2276,1113,9652,355,1380,1166,516,384,3801,13453
TOTAL (ALL INDIA),2002,Total,1306,20917,24811,15955,6343,69332,1574,18371,12701,5902,2537,41085,110417
TOTAL (ALL INDIA),2002,Total Salaried,11,3284,4387,2625,348,10655,14,1039,887,448,91,2479,13134
TOTAL (ALL INDIA),2002,Total Self-employed,321,9793,13756,9260,3739,36869,455,2980,2334,1443,621,7833,44702
